P61829,[116]
P10417,[]
Q9V9Y4,[247]
Q9LT02,[]
P33302,[]
Q9P0L9,[5, 38, 199]
A2A259,[5, 38, 199]
Q9S7Z3,[15, 96]
Q8TDX9,[199]
Q8R526,[199]
Q7Z442,[199]
Q7Z443,[199]
Q2EG98,[199]
O91464,[]
P12915,[]
Q96662,[]
P19711,[]
Q01499,[]
O43678,[]
O00483,[]
Q9QF31,[]
Q16718,[]
Q8BU91,[135, 168, 247]
P41440,[115, 169, 260]
P08104,[5]
Q9FG00,[61, 116, 130, 222]
Q72E03,[116]
P37814,[116]
P29710,[116]
Q37695,[116]
Q8RGE1,[116]
Q05374,[116]
Q8QFV0,[38]
Q8LIN5,[38]
Q8BSM7,[]
P97521,[]
Q96ES6,[116]
Q03216,[116]
P51533,[]
P40550,[]
Q02785,[]
Q04182,[]
P53756,[]
Q949G3,[]
P69434,[122]
P91679,[]
P75028,[116]
Q17758,[]
O01840,[116]
Q9P6J2,[71]
O74208,[]
E7FKV8,[199]
O70579,[47, 140, 162, 176]
P77439,[]
A2RIE6,[]
O83324,[]
Q7A4P8,[]
P27799,[5, 190]
Q71MB6,[]
Q9S3J9,[]
Q9ZVK6,[116, 130]
P9WQI3,[]
G5EF60,[199]
O04249,[]
Q03412,[]
P38358,[]
Q60186,[116]
P15313,[116]
Q91YH6,[116]
P21281,[116]
Q99385,[38, 116, 199]
Q9SRH5,[]
P45879,[]
P21796,[]
Q60932,[]
Q6K548,[]
Q9Z2L0,[199]
P42055,[]
Q9HNE4,[116]
P04840,[]
Q48333,[116]
Q9FJX3,[]
A8AAA9,[116]
P45880,[]
P82013,[]
P86223,[]
Q60187,[116]
Q60930,[]
P81155,[]
P42056,[]
P81004,[]
P40478,[]
Q9SMX3,[]
P31411,[116]
Q9Y277,[]
Q60931,[]
Q9R1Z0,[]
Q9FKM2,[]
P83781,[]
Q56404,[116]
Q01501,[]
P82945,[]
Q94920,[]
P16140,[116]
P21282,[116]
P42054,[]
P21283,[116]
Q9Z1G3,[116]
Q5FVI6,[116]
Q8NEY4,[116]
Q99L60,[116]
Q9SDS7,[116]
Q9XXU9,[116]
Q9LJI5,[116]
P61420,[116]
Q95X44,[116]
P74901,[116]
Q6PGV1,[116]
O64503,[259]
Q9SCB9,[116]
P61421,[116]
P51863,[116]
Q9M9S6,[259]
Q9HDW6,[116]
P74902,[116]
Q8N8Y2,[116]
Q94B65,[259]
P31412,[116]
Q9XGM1,[116]
P39942,[]
P54641,[116]
Q72CX3,[55]
Q9FYE5,[]
Q86A77,[116]
Q57673,[116]
Q60185,[116]
Q9Y5K8,[116]
P57746,[116]
O59823,[116]
P62017,[116]
O87880,[116]
P32610,[116]
Q39258,[116]
P11019,[116]
P36543,[116]
P50518,[116]
Q6PCU2,[116]
O57724,[116]
Q96A05,[116]
Q9D593,[116]
P22203,[116]
Q24583,[116]
O29102,[116]
F4IHS9,[67]
Q28029,[116]
Q8GUJ1,[67]
O00780,[116]
Q8RXL8,[67]
P54611,[116]
Q16864,[116]
Q9D1K2,[116]
Q8U4A7,[116]
P50408,[116]
P74903,[116]
P39111,[116]
O82628,[116]
P79251,[116]
O75348,[116]
Q9CR51,[116]
O82629,[]
Q0VCV6,[116]
O95670,[]
Q9WTT4,[116]
Q96LB4,[116]
Q8BMC1,[116]
Q54Z13,[]
Q9XZH6,[]
P48836,[116]
Q9LX65,[116]
O46563,[116]
Q8MML6,[116]
Q9UI12,[116]
Q8BVE3,[116]
P41807,[116]
P25515,[116]
P32842,[116]
P0DH93,[116]
P59229,[116]
P23956,[116]
Q08201,[]
F2SQT8,[]
Q830V1,[]
P54571,[5, 116]
Q9FMU6,[]
P28238,[246]
Q96ER9,[38]
Q6UR05,[192]
Q8HXQ5,[14, 192]
A0QPU4,[]
Q9RGZ1,[]
O05259,[]
O05229,[5, 38, 116]
Q8IIG4,[]
P43455,[116]
P03889,[]
P80262,[]
E1ACQ6,[]
L7WU90,[]
P49282,[71, 116, 158, 237]
Q9FGS5,[161]
Q21434,[]
P73452,[]
P33535,[199]
P80442,[]
Q8YG56,[]
A0A160PAH3,[]
P13415,[]
P24305,[]
Q9S3R9,[]
P80453,[]
P33599,[]
P0AFC3,[]
P60570,[199]
A2RIQ0,[]
Q94526,[38]
Q10177,[]
Q9PT60,[192]
Q15311,[192]
Q62796,[192]
Q14644,[199]
P02752,[48]
P86009,[48]
Q60790,[199]
Q9QYJ2,[199]
P03300,[]
P0A2V9,[165]
Q9H310,[20]
P02753,[10]
Q9X1G6,[48]
O35956,[]
Q761V0,[5, 79]
Q9GTN7,[]
P42954,[233]
Q7A713,[233]
Q9M024,[]
Q9BXJ8,[]
Q8C1E7,[]
P16036,[116]
Q797E3,[]
O74839,[199]
Q8R4P9,[192]
Q8VI47,[192]
O95255,[192]
O05260,[]
Q9RGZ2,[]
P68805,[]
Q95KV7,[]
O95178,[]
Q561S0,[]
P24918,[]
Q85XC3,[]
Q8NFF2,[5, 38, 199]
P56632,[]
Q56218,[]
P03887,[]
Q41870,[]
P08722,[]
Q02094,[20, 69]
Q8R1S9,[]
Q8K2P7,[5]
Q9NVC3,[21, 62, 265]
Q99624,[21]
Q9DCP2,[21]
Q9NP94,[77]
E9Q401,[199]
P11716,[199]
Q5U1X7,[77]
F1LMY4,[199]
P0A1B9,[84]
A0A0G2KTI4,[5, 20, 38, 247]
P97952,[5]
Q67BT3,[5]
Q62273,[135, 168, 247]
C0QZS7,[84]
Q8VBW1,[5, 226]
Q9Y289,[5, 113, 167]
P23173,[]
P37091,[5]
Q8K078,[]
Q5ZK43,[38]
Q9H9B4,[9, 265]
P10870,[116]
G5EBN9,[5, 190]
Q8TD22,[]
Q6P4A7,[]
Q9VWG0,[]
P19934,[]
Q9UM00,[199]
Q921L3,[199]
Q6UWJ1,[116]
P53099,[92]
Q07824,[81, 220]
A0A0U1QT59,[]
P53283,[81]
P25818,[246]
Q06451,[81]
Q12256,[81, 220]
P36029,[]
Q41963,[246]
O82598,[246]
Q9FY14,[]
Q41951,[246]
Q41975,[246]
Q9FGL2,[246]
A7T1N0,[5, 199]
P23958,[]
P49755,[]
O35587,[]
Q9D1D4,[]
Q28735,[]
Q63584,[]
A2RVP7,[]
Q94EH2,[]
Q38820,[]
Q5SRD1,[]
Q5XF06,[]
Q9SHU7,[]
A5A627,[]
Q7Y1W1,[]
Q07798,[]
Q9WMX2,[]
P49303,[]
P9WG05,[]
Q5M614,[48]
Q03WN0,[48]
P75892,[68, 97]
Q27433,[5]
P9WJK3,[213]
P13423,[]
Q9Y619,[]
P34712,[]
Q0P9C4,[]
Q8BUX5,[20]
P07038,[116]
P19657,[116]
P33478,[]
Q08436,[116]
Q2YHF0,[]
Q38954,[]
Q8CD54,[]
Q8NBW4,[62]
E9PT23,[]
Q9TS33,[199]
Q99S97,[]
Q9JHI9,[71]
Q8K0H1,[]
Q96H72,[77]
Q8RK01,[84]
Q9BV35,[]
Q9Y666,[20, 38, 247]
Q4FZU9,[48]
Q99SX1,[]
P52870,[]
Q9JMA9,[]
A0A086F3E3,[38]
P33085,[]
A0LNN5,[]
Q15388,[]
Q9BVC6,[]
Q3UBX0,[]
Q9DCC8,[]
O77751,[]
Q62760,[]
Q9NS69,[]
Q9CPQ3,[]
Q75Q41,[]
Q9QYA2,[]
P24391,[]
Q75Q40,[]
P50600,[]
P75853,[]
Q9C8X2,[116, 130, 167]
Q5W7C1,[259]
Q9ERZ8,[199]
Q9NQA5,[199]
P69744,[199]
F1RAX4,[10]
P38353,[]
Q9UHE8,[]
P0AAH0,[165]
Q9LFX9,[161]
P51991,[]
Q6URK4,[]
A2AGL3,[199]
Q6U841,[5, 150]
Q5DTL9,[5, 150]
Q8BHK2,[5]
Q91W98,[116]
Q9JK00,[5]
O09014,[116]
Q86WA9,[135]
Q28371,[5]
A6NIM6,[]
P45380,[135, 168, 247]
P35499,[5]
Q9NRA2,[116]
P0AAD6,[]
Q8BN82,[]
Q9ER60,[5]
Q9BXS9,[135, 168, 214, 247]
O60779,[]
Q9EQN9,[]
Q8CIW6,[135, 168, 214, 247]
Q9BZV2,[]
Q8WUM9,[5]
Q91VE0,[63]
Q61609,[5]
Q9JJP0,[5]
Q9Y2P5,[]
Q8MK48,[]
P23975,[5, 27, 247]
Q9Y345,[5, 79]
P58295,[5, 79]
Q9H2J7,[5]
Q8BHK3,[25, 116]
P9WGN3,[]
G3UVW3,[]
P03878,[116]
E9PZQ0,[199]
E9RGS3,[]
P40290,[84, 116]
Q9NP59,[71]
A2ASZ8,[]
Q13621,[5, 38, 247]
Q9WVL3,[20, 38, 247]
Q99250,[5]
Q86YT5,[5]
O14975,[]
Q16348,[116]
O35488,[]
Q5SIW3,[84]
Q78KK3,[]
Q8R0S9,[]
Q60850,[]
P78383,[259]
P35179,[]
P28572,[5]
Q695T7,[]
P31647,[5, 190]
Q9D687,[]
Q96BD0,[]
P32897,[]
E4TN31,[38]
Q9H6F2,[38]
Q3TMP8,[38]
A5A6S6,[38]
Q9NVV0,[38]
Q9DAV9,[38]
Q8TEL6,[199]
Q969M1,[]
Q9CZR3,[]
A4F267,[]
Q99JR1,[9, 265]
P54715,[]
Q8IVM8,[]
Q8BG16,[5]
Q9Y6M7,[5, 150]
Q6RI88,[5, 150]
Q6GQS1,[]
Q6UXD7,[]
Q863Y8,[48]
Q8BVN7,[]
Q56A07,[5]
Q70HW3,[43]
P46059,[116]
Q86VD7,[140]
P21825,[]
Q8VCL5,[]
Q9WVC8,[135, 168, 247]
Q9UGP8,[]
O08966,[5, 27, 247]
O77504,[]
Q9HAS3,[5]
Q9R0W2,[]
O76082,[]
Q9Z0E8,[]
P9WGP5,[84]
Q8CFZ5,[276]
Q5RLM2,[]
Q9R0M8,[]
Q8TB61,[39]
Q91ZN5,[39]
Q921R7,[]
Q9VEI3,[39]
A1A4F0,[]
P38377,[]
Q9ET37,[5, 116]
Q9NSD5,[5, 190]
Q9WTQ8,[]
P31122,[]
P0DOE5,[]
Q91V61,[]
Q925N0,[]
Q03720,[38]
P22215,[]
Q39002,[94, 224]
P19568,[94, 224]
Q96NB2,[]
Q925N2,[]
P23644,[]
P75851,[]
Q99VG8,[110]
Q6J8I9,[246]
O35245,[5, 38, 199]
Q5UB51,[]
Q8VZ80,[116]
O92972,[]
P49769,[199]
Q7TNK7,[20]
P16336,[]
Q4V887,[77]
P30957,[199]
Q96JW4,[]
O23342,[]
Q57817,[]
Q52371,[84]
Q9XSZ4,[5, 150]
G4SDH4,[48]
Q8TZK2,[]
Q9BZW2,[5, 135]
Q6KCM7,[]
P35498,[5]
P04774,[5]
Q5HZI9,[162]
Q8BPX9,[]
P14906,[]
Q8IWT1,[5]
Q62866,[115, 169, 260]
Q9SYI0,[]
P0A5Y9,[84]
P71533,[84]
Q9X1R4,[84]
P60467,[]
P60058,[]
P97858,[259]
Q8IXU6,[]
Q8BGF9,[]
O94607,[]
O75762,[108, 199]
Q8BLA8,[108, 199]
Q03770,[]
P32676,[]
P0AG34,[174, 234]
P0AG38,[234]
P24775,[10]
P76470,[]
Q8CF94,[20]
Q99808,[140]
Q8K415,[25, 116]
Q8CFE6,[5, 265]
Q5FVQ0,[77, 116, 228]
Q8W4E7,[]
B0LPN4,[199]
Q80ZA5,[5, 150]
O88343,[5, 150]
P9WGN9,[]
Q9NY46,[5]
Q8WWT9,[5, 14]
Q91Y63,[5, 14]
P54900,[5]
B0S6T2,[]
Q9H2B4,[135, 168, 247]
Q7M730,[5]
P61620,[199]
Q15526,[116]
Q9URY8,[135]
P11402,[116]
O14569,[]
Q03611,[38]
P51791,[116, 247]
Q64347,[247]
P35525,[247]
Q2FVE7,[]
P00422,[116]
P77279,[]
P46359,[]
Q47142,[116]
O88705,[5, 38]
Q9Y3Q4,[5, 38]
O88704,[5, 38]
Q56992,[]
P94441,[]
P94442,[]
O75581,[]
O88572,[]
Q95Y52,[]
Q9CFU9,[199]
P39398,[]
P33231,[116]
P0AEY8,[5, 38, 116]
Q7ZV50,[]
Q9H0U3,[]
Q9CQY5,[]
P22292,[101, 135]
P90992,[101, 135]
Q02978,[4, 101, 135]
Q9CR62,[101, 135]
P97700,[101, 135]
P05780,[116]
P03492,[116]
P06821,[116]
Q0HD59,[116]
Q3YPZ4,[116]
P0DOF5,[116]
P0DOF8,[116]
P53048,[116]
Q9SN86,[]
P35938,[116]
P09222,[116]
P03930,[116]
P00842,[116]
C0HK68,[116]
P07251,[116]
P80658,[116]
P29790,[116]
P0ABB0,[116]
Q8RGE0,[116]
P09626,[5, 38, 116]
P19483,[116]
Q8G0Y6,[]
Q9WZQ6,[167]
Q7KZN9,[116]
P00396,[116]
Q9U6B8,[199]
P29932,[134]
P38124,[]
P20672,[]
P24943,[]
P23415,[247]
P48813,[25]
P39835,[211]
P42262,[]
P19492,[]
Q13002,[5, 38]
Q2U5H8,[]
O35219,[38]
P63250,[38]
P63251,[38]
P36552,[5, 38]
P70174,[199]
P15321,[]
Q2I0M4,[38]
Q5VT99,[38]
P51773,[]
P38156,[116]
Q9Q0L9,[116]
O70632,[116]
P0AEY0,[]
P0AEX9,[]
P58300,[]
P19576,[]
P71067,[116]
P02916,[117]
P68183,[117]
P68187,[117]
Q1R3Q1,[117]
P19566,[117]
Q9YGA6,[117]
Q9FLS8,[140, 199]
Q9FI43,[140, 199]
Q9LY28,[140, 199]
Q8TPA6,[5, 38, 199]
P9WJ83,[]
Q8NS49,[]
P59213,[160]
Q1M7A2,[]
P77329,[]
P19620,[199]
P54678,[199]
P22189,[38, 199]
P30859,[]
Q6NXK8,[5]
P50997,[5, 38]
P05023,[5, 38]
Q96FT7,[5]
P13637,[5, 38]
P31602,[]
Q55106,[161]
Q36258,[116]
P70705,[120, 243]
P03929,[116]
P63668,[116]
P80021,[116]
Q8RGE2,[116]
P22068,[116]
O75947,[116]
P08212,[116]
Q9Y2W7,[38]
P24959,[116]
Q02761,[116]
O07605,[]
P0AC94,[116, 211]
Q9SCK3,[]
P40886,[116]
Q14573,[199]
P30605,[116]
Q14643,[199]
Q03064,[]
Q63344,[]
Q14654,[38]
Q61743,[38]
O70324,[]
Q8K1P8,[]
Q7RTY1,[]
P9WQL3,[12]
P9WGF1,[]
P35724,[]
O70596,[38]
Q99712,[38]
O60928,[38]
Q9UNX9,[38]
Q9RTP8,[]
P0A769,[116]
Q09470,[38]
P63141,[38]
P16389,[38]
P63142,[38]
P15384,[38]
P92960,[38]
P43681,[108]
Q15822,[108]
P22770,[108]
P54131,[108]
Q9UGM1,[108, 199]
P09484,[108]
P12392,[108]
P30926,[108]
P02712,[108]
P36062,[31, 102]
P50944,[31, 102]
Q07001,[108]
P40501,[102, 265]
Q61285,[]
O89016,[134]
Q9QY44,[]
Q5V1N0,[]
Q9UNQ0,[48, 167, 276]
P45844,[217]
Q80W57,[48, 167, 276]
P96787,[]
Q18DH5,[]
Q57101,[]
Q8L856,[]
P08195,[5, 62, 199]
Q9JJ16,[108]
A5X5Y0,[108]
P13808,[247]
Q9SJE9,[]
Q63690,[]
P50080,[]
P43553,[]
Q5I2B1,[]
P30834,[]
P32705,[28, 34]
P31167,[94, 224]
P60066,[]
P40941,[94, 224]
P60061,[65]
P05141,[56, 94, 116, 224]
Q09188,[94, 224]
P12236,[94, 224]
P25371,[]
A6NM10,[]
P47865,[17, 20, 38, 69, 246]
P56402,[246]
P55088,[246]
Q9C4Z5,[]
P86044,[247]
Q92R43,[]
G5CTG6,[]
P0CD91,[246]
P43549,[99, 246]
Q9ASS7,[]
P07356,[199]
P04272,[199]
P0AE30,[]
P07677,[116]
P72248,[116]
C0HLQ4,[116]
P32465,[116]
Q12520,[259]
P54854,[116]
A0R6H8,[]
Q6ZSM3,[]
Q8BGC3,[]
Q9SL95,[]
P03959,[38]
Q9GQ00,[247]
O07535,[]
O60669,[124]
Q38849,[38]
Q61762,[38]
P17970,[38]
P17658,[38]
Q02280,[38]
G5EFC3,[38]
Q9Z0V1,[38]
Q5SVS4,[101, 135]
O95259,[38]
Q60603,[38]
Q63664,[38]
Q9H2S1,[38]
Q92806,[38]
P97438,[38]
Q6ZPR4,[38]
P0A712,[116, 175]
Q6PIU1,[38]
P72244,[116]
P85446,[116]
P29707,[5, 116]
P21904,[116]
O63075,[116]
P50992,[38, 116]
P26526,[116]
P81449,[116]
P02721,[116]
P97450,[116]
Q9CPQ8,[116]
Q03671,[116]
P9WPT1,[199]
P29610,[116]
P9WPS7,[77]
Q5V4H7,[]
P00125,[116]
P02945,[]
P63040,[]
P32798,[77]
P48167,[247]
Q64018,[247]
Q9C8E7,[199]
Q61627,[]
Q62640,[]
Q63273,[5, 38]
P41943,[]
P09986,[]
P46321,[]
P22731,[31, 93]
P0AEX7,[31, 62, 93, 235]
Q9CHL8,[]
Q7Y2C1,[]
P29994,[199]
P53985,[57]
Q09573,[38, 247]
P53987,[]
O07536,[116]
P9WKF3,[38]
Q9JJ69,[38]
Q9JM63,[38]
P52188,[38]
P96593,[]
P16388,[38]
P9WIZ5,[]
Q09081,[38]
P22739,[38]
P22459,[38]
P40309,[38, 116]
Q39128,[38]
P22460,[38]
Q61923,[38]
P15388,[38]
Q9Z0V2,[38]
P23299,[38]
O54853,[38]
P35561,[38]
Q9ER47,[38]
O95279,[38]
Q96T55,[38]
O95069,[38]
P58391,[38]
Q63511,[38]
P57789,[38]
Q6UVM3,[38]
Q7YQK4,[62]
P0CY47,[116]
P39276,[116]
O44616,[]
Q9M5A9,[103]
P15030,[]
P23878,[95]
P0AEU3,[]
P52094,[]
P0A2I9,[]
P31474,[]
P48632,[]
A0A0S6XH62,[]
I1BRD6,[]
P40088,[71]
Q8PU61,[]
F1SVH9,[]
F1SVL2,[]
P49856,[]
P49857,[]
Q94A76,[38]
P39004,[116]
Q14571,[199]
Q7TMY7,[]
Q15842,[38]
Q9H252,[38]
O00180,[5, 38]
Q9Y2U2,[38]
P70604,[38]
O88944,[38]
O54982,[38]
Q934G3,[]
P0ABB4,[116]
P26533,[116]
Q53496,[]
O70578,[199]
P62957,[199]
P24311,[116]
P00410,[116]
Q9AEL8,[116]
P93285,[116]
P30130,[]
Q08991,[268]
I1S2J9,[]
P31381,[229]
Q8G846,[]
P57695,[247]
Q7TNC8,[247]
B1AS29,[5, 38]
P20058,[]
Q8PYZ8,[116]
P27716,[]
Q9VAS7,[]
Q8NX66,[]
G7CBF6,[]
P86889,[]
Q920B6,[38]
Q96KK3,[38]
Q9Z258,[38]
Q850M0,[38]
P98002,[116]
P00423,[116]
P00415,[116]
P0ABJ6,[116]
P23134,[116]
P29757,[116]
P26266,[]
P40988,[]
P0A2I7,[]
P07109,[]
P02915,[]
Q12029,[]
Q9F9B1,[]
A8MPR5,[]
F4KF14,[]
Q8PU58,[]
F1SVH7,[]
Q6MLJ0,[]
P50572,[247]
P47869,[247]
P34903,[247]
P31644,[247]
P18505,[247]
P14867,[247]
Q8GXJ4,[199]
P0AER8,[5]
P50828,[]
P02790,[]
O60741,[5, 38]
O88703,[5, 38]
P33950,[]
Q20106,[]
Q21642,[]
Q9X913,[116]
P32466,[116]
O01634,[]
P52505,[]
P23979,[108]
Q8BHY3,[149, 247]
P56401,[17, 20, 38, 69, 246]
Q13520,[161, 246]
Q6C9B1,[116]
O05432,[116]
P49377,[116]
D3Z291,[199]
P0DPK1,[]
Q5JW98,[]
V5IRD7,[116]
P98005,[116]
A0R3A7,[185, 271]
Q59NP1,[]
P07142,[116]
J9VLN4,[]
Q8BLQ7,[]
P29018,[]
P70689,[]
P43024,[116]
P02775,[]
O54851,[]
Q8WWI5,[]
P0A830,[116]
P39719,[47]
Q7K4Y6,[5, 27, 247]
P0ABN5,[53, 236]
Q61603,[247]
P54862,[116]
P42833,[116]
Q38856,[77]
Q9VDH6,[]
A0R6H7,[]
P43406,[199]
P0AEX3,[]
P20674,[116]
P30000,[116]
Q59385,[120, 243]
P00401,[116]
P38054,[]
P0ABJ1,[116]
P38767,[]
P07821,[52]
P14142,[116]
P42263,[]
Q9Z2W9,[]
Q9Z2W8,[]
P39087,[5, 38]
P42260,[5, 38]
F1NHE9,[38]
P46408,[]
P43427,[]
Q9NY64,[269]
Q9JJZ1,[269]
Q6PXP3,[]
D7PI13,[]
P44809,[]
P09479,[108]
Q05941,[108]
P35563,[108]
Q6PHS9,[199]
A1A5B4,[247]
Q8C5H1,[247]
P0AAF3,[74]
Q23808,[]
P47818,[71]
P14668,[199]
P26362,[247]
P76474,[]
P38929,[199]
P06685,[5, 38]
Q8VDN2,[5, 38]
P30714,[5, 38]
O05434,[116]
B5FVB8,[116]
Q9Y8G1,[]
Q5ZLC5,[116]
A0R203,[116]
P29706,[5, 116]
P06576,[116]
P29708,[116]
O05332,[116]
P25705,[116]
P49950,[]
P72367,[116]
P08183,[]
A0A1J0M738,[]
Q8TDN2,[38]
Q8N370,[]
Q9FKS8,[]
P33311,[258]
Q2G2P5,[]
P0C071,[]
A0A095C325,[]
A0QP27,[]
O95169,[]
Q9ERS2,[]
P22142,[]
P03903,[]
O78757,[]
Q08636,[5, 116]
Q9TDR1,[]
P16262,[116]
P11240,[116]
P9WP67,[116]
P77211,[]
Q08967,[47]
P16869,[]
P77463,[]
P0AA78,[186]
Q91DM1,[]
P75780,[]
P23877,[]
Q8G845,[]
Q9ZAA7,[]
P26048,[247]
P20236,[247]
P28471,[247]
G5ECJ0,[]
P08219,[247]
P24944,[]
P10346,[]
P0CG08,[]
Q9S5X0,[5, 116]
P22317,[]
P22318,[]
P44600,[]
P75830,[]
Q9D2V8,[]
Q6NUT3,[]
Q12372,[139]
Q9I2S5,[5, 116]
P27724,[]
A0A1L8F5J9,[]
Q9D6J6,[]
Q9FJW4,[]
P43440,[38, 247]
P92558,[]
P03923,[]
Q7CQY4,[]
Q9N0Z6,[5, 38]
O66515,[20]
O14072,[199]
P73241,[120, 243]
Q36257,[116]
P50006,[116]
P00848,[116]
P22483,[116]
P10415,[]
P74072,[116, 199]
P04817,[]
O32219,[77, 208, 262]
P12787,[116]
Q5SJ79,[116]
P00156,[116]
P06972,[]
O07639,[213]
Q9VSL7,[77]
P25596,[116]
Q7A656,[]
D9N164,[38]
Q9Y0A1,[199]
P38250,[247]
P9WJ99,[]
Q6VV64,[38]
P52190,[38]
Q9UGI6,[38]
F1MYR9,[38]
A8MYU2,[38]
P23888,[]
O95202,[116, 199]
Q01097,[199]
O43920,[]
P03925,[]
P43457,[116]
Q91VR2,[116]
P72247,[116]
P12986,[116]
Q2LGZ2,[116]
O78749,[116]
P48168,[247]
P20781,[247]
Q9JKA8,[5, 38]
P38695,[116]
Q9TU34,[199]
Q8LW54,[]
Q9NS61,[38]
Q6PIL6,[38]
Q9JM59,[38]
P36021,[]
P10499,[38]
Q05037,[38]
Q14721,[38]
P17659,[38]
P25122,[38]
Q96PR1,[38]
Q99UZ7,[]
M9M5N8,[]
Q46203,[]
A0A0D1DYJ6,[]
Q62897,[38]
Q9UK17,[38]
Q64273,[38]
Q9NPC2,[38]
O15554,[38]
Q9BQ31,[38]
Q9JK45,[38]
Q99MZ8,[]
P76249,[62]
Q9LRB5,[]
Q8R4F0,[199]
P37169,[213]
Q2V8Y7,[199]
P80261,[]
P42026,[]
P19125,[]
Q9B6C7,[]
Q8CVW1,[]
Q4LDF9,[]
Q06593,[]
Q04884,[]
O05255,[]
Q8GNS3,[71]
Q9QVP9,[]
P24524,[247]
P22771,[247]
Q01812,[5, 38]
P0A008,[38]
P51787,[38]
Q9ZA21,[]
Q3AFC6,[116]
P39924,[116]
O81850,[77]
P02943,[160]
P50276,[88]
Q41760,[]
Q2FZP8,[]
P77257,[]
O01811,[5]
Q8NHS3,[]
Q641Y2,[]
Q8K3J1,[]
Q6AXS0,[5, 199]
Q91VD9,[]
Q08485,[109, 229]
P0DKG9,[161]
P0AAF1,[154, 194]
P19845,[]
B2SAB9,[]
P43838,[164]
P57041,[]
P24141,[]
Q9S3R8,[]
P06202,[]
P24017,[]
P06996,[]
P0C6Q6,[]
A0RZH5,[]
P46920,[]
Q9U539,[]
Q5AGW8,[116]
P48036,[199]
P06541,[116]
Q09544,[116]
P00856,[116]
P0ABA0,[116]
Q07405,[116]
P84582,[116]
O05442,[]
P42512,[]
O34814,[]
O05779,[]
O22993,[]
P52067,[]
F1SVL1,[]
O43681,[59]
P47742,[247]
P63138,[247]
P62813,[247]
Q812E9,[199]
P40107,[183]
Q6N075,[]
Q0GQS6,[]
O34978,[]
O14201,[]
P42360,[58]
Q9W0Y6,[199]
A0R3I3,[]
Q7WY60,[]
P23500,[71]
Q5XC60,[]
O75438,[]
Q03391,[199]
O15399,[199]
P86217,[]
P28331,[]
P15690,[]
Q66HF1,[]
P33590,[]
Q14916,[5]
Q04614,[]
P03899,[]
Q9WVD5,[]
P14824,[199]
P55926,[5]
P06687,[5, 38]
P55069,[]
P42308,[]
Q6PIE5,[5, 38]
P06686,[5, 38]
P06450,[116]
P99111,[116]
Q8HTL5,[116]
A0A1U8QKX8,[]
Q6C326,[116]
Q35914,[116]
Q8DLP3,[116]
Q9DCX2,[116]
P0C0X4,[]
Q9HQ19,[]
Q1EBV7,[]
P16283,[]
Q93Z13,[]
P02730,[247]
Q9Y6H8,[]
Q9TU17,[]
A0A2A5K485,[]
P28235,[]
P29033,[]
Q00977,[]
P0AAE0,[0, 9, 256]
O75712,[]
Q9URZ4,[]
P54288,[199]
P54283,[199]
P20021,[208]
Q05594,[]
O68104,[]
P31553,[18, 212]
Q8VHW3,[199]
B1INP5,[]
Q9Z0W7,[247]
P20272,[199]
Q8BHB9,[247]
Q811Q2,[247]
Q9WU61,[247]
P51801,[247]
Q9WUB6,[247]
Q8LBL1,[38]
O35173,[38]
Q6ZP29,[]
Q8N7C0,[38]
P75957,[]
Q8IZK6,[199]
Q8BL03,[60]
Q03829,[]
Q9HD23,[]
Q6G9L1,[]
P68806,[]
Q6C8S0,[116]
Q83AF7,[116]
P27112,[38, 116]
Q71RJ2,[199]
Q9UBN1,[199]
Q9BXT2,[199]
Q13936,[199]
P42974,[]
Q925P2,[]
Q03114,[199]
Q96F81,[]
Q00194,[]
Q9HVS1,[]
Q9JJZ8,[]
Q9JJZ9,[]
Q14028,[]
Q12289,[]
B0R6A8,[]
P22732,[]
Q9WV38,[]
Q944N8,[]
Q9M0Y2,[]
Q81XB1,[]
P26465,[116]
D6R8X8,[]
P16433,[]
Q19746,[]
Q8CGA3,[]
Q9WVR6,[62]
P80171,[]
P33591,[]
P24612,[5]
Q920G8,[71]
P10719,[116]
P69447,[116]
Q6CFT7,[116]
P31399,[116]
P28246,[]
Q80W99,[199]
Q7RTX7,[199]
Q8BVN3,[199]
P34271,[108]
Q6TYA9,[]
O57474,[]
Q8NBI2,[]
Q6P1H1,[]
P17302,[14]
P29415,[]
P29414,[]
A0A2A5K5H4,[]
P35212,[]
P36382,[]
P28234,[]
P36381,[]
P48165,[]
P28236,[]
Q8K4Q9,[]
P55917,[]
P08034,[]
P28230,[]
Q8VGC3,[199]
Q08289,[199]
O43497,[5, 199]
P0AAE8,[116]
P75733,[]
P0ABM1,[]
Q3TDN0,[]
Q8L7Z0,[38]
Q16281,[]
P53388,[]
Q98GN8,[38]
P51790,[116, 247]
P51800,[247]
Q9R0A1,[247]
Q9W701,[247]
Q2FVF0,[]
Q06393,[247]
Q9Y5I7,[]
P0A2R8,[]
P9WP63,[268]
O14810,[]
Q8R1B5,[]
P06809,[116]
Q5XEZ5,[]
Q93XM7,[]
Q9V427,[]
Q9ULS6,[38]
Q9Z127,[62]
P38702,[]
Q6Z401,[]
Q498T9,[]
Q08268,[]
Q5TF39,[]
P09011,[246]
P06624,[246]
A7XY94,[]
P0AFA7,[5, 116]
O95299,[]
Q42577,[]
P62167,[199]
Q9DCT2,[]
P19050,[]
Q8DKZ4,[]
Q08637,[116]
P30860,[]
B8NDS8,[]
P26360,[116]
Q05372,[116]
Q2U0M6,[]
P68699,[116]
P80285,[116]
Q96253,[116]
P09218,[116]
Q72E02,[116]
Q9JJV8,[]
P06129,[134]
A2ARP9,[199]
O60840,[199]
P22002,[199]
Q02485,[199]
Q8VHW5,[199]
P91645,[199]
Q8IU99,[199]
B0Z4X2,[116]
Q9MTK9,[116]
P20150,[116]
P38101,[]
P51798,[247]
P56750,[247]
Q5T3F8,[]
P80980,[116]
Q08299,[]
Q87WD2,[247]
Q04991,[]
P0AER5,[]
P9WQJ9,[]
Q5M8M9,[38]
Q07376,[]
Q8L7E9,[199]
P69210,[220]
Q2G140,[]
P19258,[]
Q6RZ07,[246]
Q8L4S2,[]
Q9C8G5,[]
P00163,[116]
Q8K273,[71]
A0MD31,[]
O95528,[116, 269]
Q9BYW1,[]
Q5J316,[]
Q8BFW9,[]
P17809,[269]
O04036,[]
P31702,[84]
P45759,[84]
P24077,[131]
P9WQJ3,[]
P37737,[]
P05825,[131]
P23416,[247]
Q17328,[247]
P0AER3,[]
Q9C757,[116]
Q9NPI9,[38]
Q9Z307,[38]
B7U540,[38]
P19490,[]
P23818,[]
Q63226,[]
P22756,[5, 38]
Q84Y95,[]
P36937,[38]
P0A059,[38]
O65272,[38, 116]
Q9M0Z3,[116]
P03961,[38]
Q16322,[38]
P9WKF1,[38]
Q14722,[38]
P63143,[38]
Q9XT31,[38]
P63144,[38]
Q27955,[38]
Q13303,[38]
P62482,[38]
P62483,[38]
O43448,[38]
P97382,[38]
O23016,[]
Q40648,[]
P75799,[]
P70673,[38]
P32297,[108]
Q27218,[108]
P20420,[108]
O70212,[]
Q70Z44,[108]
Q9C6W5,[]
Q9SZR9,[]
Q9H0C2,[94, 224]
P32720,[]
Q38898,[38]
Q01668,[199]
P60063,[]
P48962,[94, 116, 224]
Q05962,[94, 116, 224]
P04710,[94, 224]
P18239,[94, 224]
P18275,[]
Q8CHJ2,[]
P29975,[17, 20, 38, 69, 246]
O14520,[99, 246]
O43315,[55, 99, 246]
Q4KMQ2,[247]
P54536,[]
P0AE34,[]
Q08857,[63]
Q00535,[199]
D6W196,[94, 224]
Q9UJS0,[]
Q9QXX4,[]
Q708S6,[5]
Q16515,[5]
Q62962,[5]
Q6X1Y6,[5, 131]
Q08DA1,[5, 38]
Q6PIC6,[5, 38]
P09220,[116]
Q9WVD4,[116, 247]
P30902,[116]
P13621,[116]
P05630,[116]
O35454,[247]
P13090,[85]
Q9X1U7,[116]
P80084,[116]
P11608,[116]
P0A2Y9,[116]
P9WPU7,[116]
P99112,[116]
P15013,[116]
P12113,[116]
P35381,[116]
Q5KUJ2,[116]
P20648,[5, 38, 116]
P56381,[116]
P18597,[38, 116]
P31414,[116]
P07143,[116]
Q15878,[199]
Q9P0X4,[5, 199]
P45428,[]
Q8VHW9,[199]
Q9JJV5,[199]
Q9XPJ9,[116]
Q06185,[116]
P13620,[116]
Q8FWV8,[]
Q9SVG0,[]
P23645,[]
P42196,[]
P69051,[]
A0A1V6PBC8,[]
Q8R3Z5,[199]
O95180,[5, 199]
P54284,[199]
Q8CC27,[199]
Q05596,[]
P97707,[199]
P62956,[199]
Q8N5C1,[]
P9WP69,[116]
P32113,[243]
P0AEB0,[135]
Q8L7Z9,[]
P0AEG1,[]
P40411,[]
Q55721,[141, 169]
Q5FA19,[207]
P23900,[99, 246]
Q81L64,[]
F1SVK0,[]
A3BF39,[77, 208, 262]
P0CW78,[208, 262]
Q8H384,[77, 208, 262]
O64474,[77, 208, 262]
Q6H7M3,[243]
Q9SH30,[243]
Q9SZC9,[120, 243]
Q9S7J8,[120, 243]
B9DFX7,[120]
P36542,[116]
Q7A3E6,[243]
Q8NEC5,[199]
Q9WUS4,[]
Q6TYA7,[14]
P36380,[]
Q02221,[116]
P10817,[116]
P10818,[116]
P04166,[116]
O74441,[]
Q8N4M1,[]
Q810F1,[]
P36383,[]
Q8IWA5,[]
P00167,[116]
P9WQL7,[]
P40039,[]
P34299,[]
P25621,[113]
B7ZAQ6,[]
P0AC96,[211]
P22778,[116]
P37810,[116]
Q6C105,[116]
Q05825,[116]
P31853,[116]
A8J785,[116]
P0A301,[116]
P50007,[116]
Q0QEP2,[116]
Q8VHW2,[199]
O34840,[116, 199]
B0Z4N8,[116]
P76175,[247]
Q9N2G5,[247]
Q99LI2,[247]
Q9MZT1,[247]
P51802,[247]
P51793,[116, 247]
P36837,[116]
P77921,[116]
Q79VD7,[116]
Q81XB2,[]
Q09919,[71]
P10384,[164]
Q14802,[247]
P9WN97,[213]
P0AC23,[]
Q79EE4,[]
P23576,[247]
Q24352,[247]
P50571,[247]
P35802,[199]
P0AER0,[99]
O59010,[5, 247]
Q15825,[108]
P02708,[108]
P21616,[116]
Q9JLB5,[108, 199]
P46481,[]
Q02013,[17, 20, 38, 69, 246]
P96710,[]
Q92482,[99, 246]
Q6P9J9,[247]
P0AE24,[]
P55087,[246]
O54794,[55, 99, 246]
Q8UJW4,[246]
P02924,[]
Q14AT5,[247]
Q84MA5,[]
P19321,[]
P97445,[199]
P27884,[199]
O14791,[247]
O55017,[199]
Q02294,[199]
Q07936,[199]
Q9BLG3,[20]
Q58739,[20]
P38731,[]
P69680,[20]
Q06497,[]
O29285,[20]
Q9BLG4,[20]
I3R0S7,[20]
P26361,[247]
O82390,[]
Q8GX78,[153]
P84715,[5, 38]
P0AB93,[59]
P31809,[]
P37278,[199]
P50002,[5, 116]
Q0ZS22,[116]
C0HK56,[116]
Q5BAY0,[]
Q7A4E5,[116]
P09468,[116]
P08306,[116]
P80498,[116]
Q03736,[116]
Q8N4V1,[71]
P0ABV2,[]
P75797,[]
Q47952,[]
P00420,[116]
Q56408,[116]
P11461,[]
P52612,[116]
P15029,[]
P40410,[]
Q14289,[]
Q10279,[97]
P36173,[116]
Q5A1L6,[225]
A0A1D8PN14,[225]
Q9RR46,[274]
P63137,[247]
P20262,[]
O93430,[247]
Q9VR07,[5]
Q8VZR6,[116]
Q6VVA6,[38]
P39086,[5, 38]
Q14500,[38]
P22462,[38]
Q63959,[38]
Q01956,[38]
Q03721,[38]
Q63734,[38]
Q9NSA2,[38]
Q03719,[38]
Q9UGQ3,[269]
P15383,[38]
Q9Y6J6,[38]
Q9Y6H6,[38]
Q9JJV7,[38]
Q8WWG9,[38]
Q9UJ90,[38]
Q9H3M0,[38]
Q7TSH7,[38]
Q9UIX4,[38]
D4AD53,[38]
Q9UJ96,[38]
Q8TAE7,[38]
Q8TDN1,[38]
O08962,[38]
P48048,[38]
Q84TI7,[5, 38]
Q9GPE9,[116]
A0A3G9H2R5,[]
J3QMI4,[]
Q6FK23,[]
B0Z5E0,[116]
Q47910,[199]
P9WP71,[116]
O15431,[]
O14548,[116]
O29777,[243]
O32220,[120, 243]
Q0WT48,[]
P11551,[116]
Q9VHT4,[24]
Q96A29,[24]
O43826,[]
P38196,[]
Q9WU81,[]
P0AEP1,[116]
A0A0D2YFZ8,[]
A0A0B5EMG9,[]
S0DW25,[]
W7N2B4,[]
P63235,[]
O32261,[117]
O07011,[117]
O07009,[]
P08555,[9, 211]
Q9C5M0,[4]
Q38956,[]
P12985,[116]
P30049,[116]
Q01908,[116]
Q2RFX6,[116]
A0R204,[116]
P0A6E6,[116]
P12085,[116]
Q13698,[199]
P55980,[]
O15432,[]
Q03445,[5, 38]
Q8WQA4,[247]
P44513,[207]
Q9SKZ5,[141, 169]
F4HW02,[]
P19439,[5, 38]
Q8BS95,[]
O75311,[247]
G5EBR3,[247]
P14672,[]
P19357,[]
P48058,[]
O43424,[]
Q61625,[]
P63252,[38]
P48549,[38]
Q37304,[116]
P49573,[]
O60931,[116, 156]
Q9Z0Y8,[5, 199]
Q07652,[199]
P54285,[199]
P0ABN9,[53, 236]
P13806,[199]
Q01815,[199]
Q7VYU0,[]
P80981,[116]
Q8NNK2,[116]
P07471,[116]
Q8NFK1,[]
Q8NCS7,[]
Q80XF7,[]
P13187,[]
P9WJB3,[]
P0C7B7,[]
P0C6Y6,[]
P02692,[5]
P11166,[269]
P11167,[269]
Q68ED2,[199]
P11168,[269]
P35400,[199]
P14246,[269]
P32037,[269]
Q9M0Y3,[]
O44827,[]
P21345,[116]
C0HK52,[116]
P18640,[]
Q03440,[116]
O88759,[38]
Q14847,[]
Q8IWT6,[115]
Q9GZU1,[199]
Q8N8R3,[60]
Q8ZKQ3,[]
O06989,[]
P52002,[]
P21447,[]
J9VF33,[]
Q5ABU7,[]
P21439,[]
O15375,[]
P0AF01,[]
O15374,[]
B1AT66,[]
Q1I8U1,[]
P38857,[]
P60675,[116]
Q5A762,[]
O15438,[13, 192]
A0QR29,[]
Q9RGZ5,[116]
Q9RGZ4,[]
A3BV82,[]
Q57603,[38]
Q99271,[5, 38, 116]
P93306,[]
Q9FGI6,[]
P35120,[]
Q8DJ02,[]
O78754,[]
Q2FYQ7,[271]
Q8SUG7,[94, 224]
P80268,[]
P49281,[71, 77, 116, 158, 237]
P80672,[]
B2IZT6,[161, 252]
Q21433,[]
Q60049,[]
P19573,[116]
Q51487,[]
Q83EK8,[]
P0DI96,[]
P9WIW9,[]
Q48473,[]
Q04064,[]
P13155,[5]
Q9ZV24,[]
O06493,[5]
P46921,[]
G2JZ42,[]
Q8BZ09,[]
Q9BQT8,[]
Q02854,[]
Q6IVV8,[5, 38, 199]
Q18PF6,[20]
P17763,[]
H2LRU7,[5, 38, 199]
P09866,[]
Q8GSG4,[]
Q2RFX4,[116]
P69448,[116]
P37808,[116]
P56382,[116]
P21905,[116]
O75964,[116]
P38995,[120, 243]
Q8FWV9,[]
P9WPT9,[120]
P9WPS9,[199]
O93743,[]
Q06432,[199]
P0DPI1,[]
P59852,[133]
P0ADW2,[263]
Q8K595,[199]
Q07820,[]
Q9X2W0,[]
Q9H2D1,[47]
P31547,[]
P60698,[116]
P60690,[]
P0C0S1,[]
Q02DS7,[]
Q84M97,[]
O35379,[14, 134, 192]
O27564,[]
Q92887,[192]
A0R541,[]
F1M3J4,[13, 14, 41, 192, 276]
Q94AX5,[199]
P56181,[]
P51970,[]
P76242,[]
Q5XIF3,[]
P17694,[]
Q9EPQ0,[5, 38, 199]
Q56219,[]
Q56223,[]
O78753,[]
P80368,[]
Q7CNU3,[]
Q45330,[]
P0A0V3,[]
A0A4P7TKC8,[]
A0A0H3NBQ0,[]
P37592,[]
P37432,[]
A0A2S4MYF8,[]
A0A4P7TN82,[]
P32722,[]
P76045,[]
Q9FME8,[]
O32243,[]
P11296,[]
P9WIW1,[]
P26663,[]
P61837,[246]
A0A452G813,[]
D0CCT2,[]
P13511,[]
P0AEQ6,[]
Q91X72,[]
Q8UG67,[116]
O43772,[]
P23200,[275]
Q8DMR6,[]
P0C070,[]
P41821,[199]
Q61983,[]
F2T1C4,[]
Q12908,[5]
A1KF14,[]
Q9SNV9,[]
P01504,[]
P01501,[]
O35910,[]
Q55282,[]
Q57130,[]
Q06019,[246]
O74870,[]
Q9ZT63,[77]
Q8WVF1,[]
Q8BHW2,[]
P38734,[]
B2RX12,[13, 192]
Q96J65,[]
Q9KQW9,[]
O88563,[13, 192]
P10566,[71]
O94201,[116]
P83009,[247]
P21404,[]
O00168,[247]
P12823,[]
Q9MA90,[]
P12296,[]
Q96303,[]
P38361,[5]
C0HK65,[116]
P15999,[116]
P0A2Z5,[116]
Q06450,[116]
P32799,[116]
Q06538,[]
Q10914,[]
P0ABU7,[]
P69380,[71, 77]
P0AA80,[]
P44836,[]
P23516,[]
Q59465,[77, 208, 262]
P39003,[116]
P40260,[20]
O14050,[199]
P60694,[]
Q56222,[]
P43435,[116]
A0A2R9TD79,[]
B5RHV8,[]
G7KDA1,[]
Q8H6H0,[]
P03304,[]
Q9XF58,[246]
P13901,[]
P03302,[]
P10176,[116]
P14542,[]
Q9U3N4,[]
Q9ZTZ7,[38, 116]
Q8TF71,[]
Q3U9N9,[]
Q91Y77,[]
Q8NCK7,[]
P03819,[38, 116]
Q7RTY0,[]
P53986,[]
P53988,[]
P37329,[12]
Q8R426,[38]
Q6PHZ8,[38]
P16390,[38]
Q61423,[38]
P96589,[]
P17971,[38]
P08510,[38]
P15382,[38]
Q9CR58,[101, 135]
Q63472,[38]
Q9Z2T2,[5, 38]
P52189,[38]
Q920E3,[38]
Q9NYG8,[38, 108]
P48550,[38]
Q9EQR3,[38]
O43526,[38]
Q7L1W4,[]
A1KIJ9,[]
O75251,[]
O00217,[]
O98679,[]
Q19351,[]
Q66H28,[247]
Q6PEM8,[116, 169]
Q7A679,[]
Q45399,[]
A6QG30,[]
Q2FZF0,[]
Q9XYN1,[]
Q63269,[199]
P47114,[38]
Q99MG9,[38]
Q03717,[38]
Q63099,[38]
Q14B80,[38]
Q63881,[38]
Q9ULD8,[38]
Q12809,[38]
P97794,[38]
O08581,[5, 38]
O14649,[38]
O88454,[38, 108]
P48548,[38]
O43525,[38]
Q9Z351,[38]
Q9JL58,[38]
P02920,[116]
Q9N1Q4,[62]
P25737,[]
F6RG56,[]
P32487,[]
P50537,[116, 236]
P75831,[]
P76398,[]
O54029,[5]
Q56725,[5]
Q16795,[]
Q00960,[199]
P18767,[19]
P32340,[]
Q9UI09,[]
Q8BNY6,[199]
P80269,[]
Q23883,[]
P42027,[]
Q99PD7,[5, 38, 199]
A0A1W5X0D5,[]
Q9UI40,[5, 38, 199]
Q8CGQ8,[5, 38, 199]
Q19617,[]
Q8TCU5,[199]
P80731,[]
Q8DKY0,[]
Q9Y5S8,[]
Q9SAH8,[]
Q96PH1,[116]
Q8NWQ5,[]
P35372,[199]
P20242,[]
P80369,[]
A0A0H3NJI9,[]
Q1H5C9,[]
G2JZ44,[]
Q03028,[94, 224]
Q99571,[199]
P83650,[247]
P28876,[116]
P14340,[]
Q40089,[116]
P0DPG3,[116]
Q2G506,[]
Q8G2M7,[]
P9WPS3,[120, 243]
P16700,[135]
P13181,[116]
A0A0H2VAP9,[9, 211]
P0C2U3,[]
Q59Q30,[225]
Q8ZWI8,[116]
P08716,[]
Q8TDW0,[]
Q9Z2Z6,[]
Q2W031,[116]
P31462,[]
P34886,[5]
H6TB12,[]
Q99257,[]
P76399,[]
O32169,[110]
F2SG60,[]
Q3S2U5,[]
P39210,[]
P60682,[]
Q00325,[116]
A0A061ACU2,[]
P0AFM2,[]
P03928,[116]
Q2STE9,[116]
P83505,[116]
P38077,[116]
P51164,[38, 116]
A1B8P0,[116]
P94854,[]
P33517,[116]
P40948,[]
Q8TDB8,[269]
P27674,[269]
P46896,[]
P16151,[]
Q9FRL3,[]
P11169,[269]
Q07647,[269]
Q00512,[84]
P37093,[84]
P58353,[]
P31742,[84]
Q3T9X0,[276]
Q5Y4Y6,[]
Q8TAX9,[]
P57764,[]
Q9D8T2,[]
O60443,[]
Q9Z2D3,[]
Q944P0,[]
P37738,[]
Q93V66,[]
P35077,[]
Q95T12,[199]
Q9H427,[38]
Q9Y257,[38]
P48543,[38]
Q9XXD1,[38]
P0AFS1,[]
Q9LU77,[]
P00825,[116]
A0A161CFW5,[116]
P53744,[]
Q8VHW4,[199]
P19518,[199]
Q45894,[]
Q8N8Q1,[]
P33518,[116]
P9WJB1,[]
P17064,[87]
P77308,[]
Q9RQ29,[]
Q9HU17,[]
P33650,[71]
P39817,[]
O68460,[116]
P19807,[36]
A0A1S4GYH6,[]
Q8NN75,[]
Q8ZKQ4,[]
Q2FUR9,[]
P06210,[]
P0AFK2,[229]
P9WQK9,[165]
P69786,[]
P0ABA6,[116]
Q54DF1,[116]
P03493,[]
P18581,[]
Q53TN4,[]
Q925G2,[]
Q5RKJ2,[]
Q96P56,[199]
P23347,[247]
P48751,[]
P82251,[156]
P04919,[247]
P08033,[]
P21994,[]
Q48252,[84]
O88602,[199]
Q8VHX0,[199]
P80200,[]
Q9FVQ5,[]
Q08913,[268]
Q54BF6,[]
P45356,[]
P77672,[]
P0A2V1,[19]
Q9VF27,[]
Q0D2K0,[]
Q8SUG0,[94, 224]
P9WJH3,[]
D4GVF7,[]
Q05098,[131]
O81845,[]
Q7VSX3,[84]
P00405,[116]
P0AA82,[]
Q04441,[116]
Q2FV64,[120, 243]
O87656,[]
P25527,[]
Q63113,[38]
P46349,[]
Q8NLB7,[]
P26049,[247]
Q8BHJ7,[247]
P15431,[247]
P0C2W5,[247]
P62812,[247]
P51674,[199]
Q91XP5,[247]
Q93YT1,[199]
O66646,[]
Q9P0J0,[]
P19234,[]
Q91YT0,[]
O43677,[]
Q9VZU4,[]
Q9DC70,[]
P86203,[]
Q9CXZ1,[]
Q05811,[]
Q6IMP4,[]
Q96RD7,[199]
Q7ZWK8,[116]
P16256,[5, 113]
Q96NT5,[116, 169, 260]
P32537,[]
P37002,[268]
Q9YDF8,[38]
Q10PW9,[116]
O32081,[38, 247]
O87953,[38, 247]
Q8IZF0,[5]
Q8BXR5,[5]
Q04121,[5, 38, 116]
O95167,[]
Q91ZU9,[]
Q84WG1,[5, 38, 116]
P56556,[]
Q3UMR5,[199]
Q8ZKQ2,[]
P37340,[]
P0AFA9,[]
Q9NYZ2,[]
F1PZV2,[]
A6NFX1,[]
Q5VZR4,[]
Q831K6,[110]
Q7A6M2,[110]
P30301,[246]
A1CFL0,[]
A0A075TRA9,[]
O43674,[]
P86250,[]
Q02375,[]
Q9GZQ4,[247]
O78755,[]
P03921,[]
O78756,[]
Q8SRA2,[94, 224]
Q9LXH0,[161]
P38044,[161]
Q44665,[]
Q44619,[]
P38368,[]
Q9BRQ5,[199]
Q8ZG77,[]
Q56113,[]
P80451,[]
P0DSD9,[]
Q9VNB5,[199]
P33602,[]
Q9KHT7,[]
P9WIV7,[]
O48528,[]
Q99297,[94, 224]
P0AFE0,[]
P08292,[]
Q6YMS4,[]
Q66575,[]
O91734,[]
Q82122,[]
P41909,[]
Q7T3R4,[20]
P62166,[199]
Q9B6C8,[]
Q56225,[]
Q43975,[]
Q86UW2,[]
Q9T0H9,[199]
P94392,[5, 25]
P07117,[5]
Q2FWY7,[5]
Q7A4Q7,[5]
P76037,[116]
P49654,[]
Q9JJX6,[199]
A1CFM0,[]
P14222,[]
P14337,[]
P98161,[199]
O08852,[199]
Q66474,[]
P08617,[]
Q7A3G4,[]
P32901,[]
Q9NSA0,[]
Q86VW1,[]
Q9Y2D2,[51]
P9WGP3,[84]
P00403,[116]
Q57986,[71]
P9WQJ7,[]
O54852,[38]
E1BNE9,[38]
Q92952,[38]
Q6UVM4,[38]
Q61792,[]
Q48262,[]
P36554,[]
P30750,[110]
E0SCY3,[]
P0AAD2,[]
Q9LYG9,[]
Q9L0Q1,[]
P33527,[14, 134, 192]
P60752,[]
Q63120,[192]
P9WJN5,[]
Q9HUH5,[]
A0A3T0QHT2,[]
O83323,[]
P27485,[10]
Q9C6B8,[]
Q57071,[]
P00550,[]
P0AA67,[174, 234]
A6X7E7,[]
P43144,[108, 199]
G5EG88,[]
P41181,[246]
Q8IZS8,[199]
Q2UVJ5,[5, 38, 247]
P23910,[]
O00555,[199]
Q00496,[]
Q05152,[199]
P30996,[]
Q96250,[116]
Q42687,[116]
A1B619,[116]
P00829,[116]
P9WPV5,[116]
P35434,[116]
C0HK61,[116]
P07891,[116]
Q94AN2,[]
P34158,[247]
B0Z556,[116]
P33927,[]
P52218,[232]
O65717,[]
O65718,[38, 199]
P03945,[116]
P15710,[5]
Q8H157,[114]
Q944G5,[116]
P0A435,[]
O05331,[116]
Q8DLU1,[116]
P05435,[116]
Q9VCR7,[156]
Q02789,[199]
O54898,[5, 199]
P62955,[199]
P54290,[199]
Q9DAD0,[]
P60300,[247]
P35523,[247]
Q9WUB7,[247]
P0ABI4,[]
Q494W8,[]
O05390,[]
Q9UHI5,[62]
Q80WG5,[115]
Q5DU41,[]
Q57399,[12]
P33607,[]
Q8J0F3,[]
P53157,[]
Q9Y5U8,[]
P23641,[]
Q4WF31,[]
Q9NUT2,[]
Q8LPQ8,[]
Q9R1X5,[14]
O88269,[192]
Q01926,[]
Q9RGY9,[116]
P62168,[199]
Q91WD5,[]
P42028,[]
Q8DJ01,[]
Q9B6E9,[]
Q56217,[]
O31645,[116]
P0C069,[]
O54902,[71, 116, 158]
P96517,[116]
P01502,[]
Q03218,[]
P29677,[116]
P60689,[]
Q5T3U5,[192]
P0A742,[]
O22769,[]
O43676,[]
P00393,[]
Q28139,[5, 38, 199]
O79875,[]
P03924,[]
P60497,[]
P80729,[]
Q9UW81,[]
L7WRZ2,[]
O82811,[161]
B1XLL7,[161, 252]
P80228,[]
P30690,[]
E6MXW0,[]
Q6P8G8,[199]
P0A264,[]
O66841,[]
O05254,[]
P9WJH5,[]
P9WIW5,[]
Q80VM9,[116]
Q9JIP4,[199]
P51577,[199]
P0DUT9,[]
A0A0G2K309,[]
P03309,[]
P30302,[246]
P19642,[]
P21306,[116]
P56135,[116]
Q6C9E6,[116]
P80433,[116]
Q5XIN6,[116, 199]
Q8BMG8,[47]
P40035,[]
P08938,[10]
Q183M9,[84]
Q8WUG5,[]
Q76EJ3,[51]
Q96CQ1,[68]
O35316,[5, 143]
Q6PGE7,[25]
Q08469,[5]
Q9EPT5,[41]
P0AF16,[213]
Q00961,[199]
P03901,[]
P41251,[116]
Q51397,[]
P42866,[199]
P0A910,[]
P80454,[]
P42116,[]
P13794,[]
P37726,[]
P39767,[]
P31243,[]
P32977,[]
P05695,[]
O80739,[38]
Q8LPL8,[38]
O22397,[38]
O22881,[38]
Q9FE38,[38]
Q9LD18,[38]
Q9M7K4,[5, 38]
Q9FY75,[38]
Q9VT04,[]
O15173,[]
Q80UU9,[]
P29990,[]
Q09917,[199]
Q9SV31,[246]
Q08733,[246]
Q06908,[116]
P72246,[116]
P56757,[116]
Q00361,[116]
P08574,[116]
P0AD99,[31, 62, 93]
Q9WUE3,[]
Q8CBX0,[]
Q60EN8,[]
P05505,[116]
Q7A7N0,[]
Q8W4P8,[]
Q5U419,[116]
Q04613,[116]
P21448,[]
Q06495,[5]
O53645,[]
Q5SMG8,[]
O15427,[]
P13900,[]
Q81258,[]
P9WQL1,[165]
Q8Y5W0,[48]
Q15413,[199]
Q6P5F6,[77]
Q8BWY7,[77]
O06446,[84]
Q96G79,[]
Q8LFH5,[]
Q9VGE8,[]
Q8C8S3,[]
Q9EQ25,[]
P0AGA2,[]
Q9D856,[77]
Q8IZM9,[]
Q13433,[77]
Q08BA4,[]
Q99K24,[77]
Q8IVJ1,[5]
Q9Y6R1,[5, 150]
P35874,[]
Q15043,[71, 77]
P39386,[5, 38, 116]
P36606,[5, 116]
O34691,[]
Q9YLG5,[]
Q09624,[199]
P05030,[116]
Q24418,[]
P80264,[]
Q9FNN5,[]
O60721,[5, 38, 199]
Q56227,[]
P19045,[]
P03911,[]
P80263,[]
P31134,[194]
P98008,[116]
Q6P499,[]
P94127,[116]
Q51705,[116]
O82855,[]
P80443,[]
P80444,[]
P45996,[]
Q8ZRY4,[]
P80452,[]
A1B479,[]
P09888,[]
A5F934,[]
Q45462,[]
Q8LLD0,[]
A2RKA6,[]
P9WJH1,[]
Q86UW1,[]
Q6Z8D0,[]
P51575,[]
O14031,[14]
Q9ZVX8,[246]
Q86LG1,[5]
A0QQ70,[165, 204]
P56580,[]
Q95L97,[]
Q9FFL1,[]
Q03567,[]
P33335,[]
Q9KR66,[]
Q9KR65,[]
P30825,[]
Q09143,[]
P44543,[]
P19634,[5, 38, 116]
Q61165,[5, 38, 116]
P26431,[5, 38, 116]
P48763,[5, 38, 116]
Q28362,[5, 116]
Q9ZHC7,[8]
P48764,[5, 38, 116]
G3X939,[5, 38, 116]
P26432,[5, 116]
P26433,[5, 38, 116]
M5A7P9,[5, 116]
P26434,[5, 38, 116]
Q14940,[5, 38, 116]
Q9Z0X2,[5, 38, 116]
Q92581,[5, 38, 116]
Q96T83,[5, 38, 116]
Q8BLV3,[5, 38, 116]
Q9Y2E8,[5, 38, 116]
Q8R4D1,[5, 38, 116]
Q8IVB4,[5, 38, 116]
Q9GZC8,[]
P96169,[]
Q8C0X2,[116]
D0ZXQ3,[]
Q86UD5,[5, 116, 272]
Q5BKR2,[5, 116, 272]
Q6UJY2,[5, 38, 116]
Q6AXF6,[]
Q6Q3F5,[]
Q8NBJ9,[]
Q8CIF6,[]
D3ZEH5,[]
Q9LD83,[]
O31427,[100, 135]
Q4WGS5,[]
Q4WGE2,[]
Q9FLV9,[]
P33595,[]
P26760,[]
Q9ULF5,[77]
O35874,[25, 156, 188, 247, 265]
A2AVZ9,[]
Q9R1N3,[5, 150]
P0AG93,[]
Q6NT16,[]
Q2A865,[]
Q92911,[5, 149]
P51172,[5]
P43803,[84]
P51170,[5]
Q8R3L5,[]
Q24JQ0,[]
Q60362,[116]
O22261,[162]
Q8GAI5,[]
Q8GAI6,[]
Q8RWA5,[162]
P56753,[]
P19712,[]
P21530,[]
Q65900,[]
O43808,[47, 140, 162, 176]
Q8RWU6,[5, 38, 116]
Q9LKW9,[5, 38, 116]
P09627,[116]
P03313,[]
Q58HT7,[]
A2RKV5,[]
O95182,[]
P49820,[]
P35436,[199]
Q00959,[199]
Q62645,[199]
Q67WJ8,[]
P25708,[]
Q8BMW7,[]
Q7RTP0,[]
Q8BHK1,[]
P03898,[]
Q9KHT9,[]
P54417,[]
P0AFF2,[87, 116]
P9WIW7,[]
P60571,[]
G5ECT0,[]
Q9BXI2,[]
P25360,[]
Q8LAA6,[246]
P43287,[246]
Q9HBR0,[]
P03877,[116]
Q92504,[77]
Q8BIV7,[116, 130]
Q9UMX9,[116, 130]
P55016,[5, 38, 247]
P55012,[5, 20, 38, 247]
P59158,[5, 38, 247]
P55011,[5, 20, 38, 247]
Q924V4,[]
Q00954,[5]
O60939,[5]
P28573,[25]
P28571,[5]
Q7Z769,[]
Q8BXR1,[]
P0AA47,[116]
P26664,[]
B8GYG4,[165]
P77272,[]
P11162,[]
Q9H1V8,[]
O88576,[]
Q9ZV02,[]
Q26627,[199]
P46318,[]
Q01959,[5, 27, 247]
Q9BSK2,[68]
P31652,[5, 64, 247]
Q00589,[5, 143]
Q96K37,[]
P31641,[5, 143]
Q8CD26,[]
Q9M8S6,[38]
Q6NMN6,[]
Q9H2V7,[]
P39986,[]
A2SWM2,[]
Q8IVW8,[]
Q91VM4,[]
Q6ZMD2,[]
P41930,[73]
P77589,[]
Q00748,[]
Q5EXK5,[]
P21440,[]
P30878,[]
O34987,[]
Q12375,[]
Q9UBL9,[]
Q8K3P1,[]
P49653,[]
P56373,[]
O15547,[]
P51579,[]
Q99572,[]
Q9Z1M0,[]
Q64663,[]
Q62172,[192]
P54679,[116]
Q9QL88,[]
Q56ZZ7,[116]
Q9LV11,[116]
Q04941,[]
Q68FT6,[20]
P28877,[116]
P29813,[]
P03306,[]
Q06611,[246]
P39535,[]
O04200,[]
P26661,[]
Q9LPF6,[]
O05507,[]
Q8LPL2,[161]
Q9M1E2,[161]
P37081,[]
Q05085,[161]
Q2M3M2,[5]
Q14524,[5]
Q8VDT1,[5]
A0PJK1,[5]
Q9JJV9,[5]
Q5SWY8,[5]
P15389,[5]
Q8WWX8,[5]
Q8K0E3,[5]
Q28728,[]
Q01118,[5]
Q9Z1F2,[5]
Q7T384,[]
Q41062,[]
Q9UQD0,[5]
Q49B93,[]
Q9WTU3,[5]
O88420,[5]
Q15858,[5]
Q62205,[5]
O08562,[5]
D0E0C2,[5]
Q9Y5Y9,[5]
Q6QIY3,[5]
P0DMA5,[5]
Q62968,[5]
P02719,[5]
Q9UI33,[5]
O88457,[5]
P55270,[5]
P15400,[]
P52966,[84]
P10408,[84]
P37088,[5]
Q61180,[5]
H1AFJ5,[5]
P37089,[5]
P51167,[5]
Q9WU38,[5]
P37090,[5]
P51169,[5]
Q36795,[]
P47994,[84]
P95759,[84]
P0A4G7,[84]
P9WKQ1,[]
P60881,[38]
P33310,[258]
P13113,[70]
Q96MC6,[]
P0CE00,[116]
B7IE18,[213]
Q95XG8,[]
Q51485,[]
Q2FYJ5,[]
Q44620,[]
P0AFF0,[]
P38399,[]
D0ZXQ1,[]
P0A4F8,[]
P0DQH0,[]
Q03032,[5]
P02931,[]
P83079,[]
P42312,[]
P0AFF4,[87, 116]
Q9D771,[247]
Q9FXH5,[]
Q8S403,[]
Q8RXN3,[3, 103]
Q9S2H4,[]
Q12300,[116]
P38127,[68]
P0CI36,[48]
P39742,[]
Q17QQ3,[38]
P60878,[38]
P60879,[38]
P55820,[38]
Q9QXZ6,[]
P46720,[]
Q9EP96,[]
Q99J94,[]
Q9ERB5,[]
Q9EPZ7,[]
Q92959,[41]
Q00910,[41]
O94956,[]
Q8BXB6,[]
Q9JHI3,[]
Q8NBI5,[]
Q96GZ6,[]
Q9UP95,[20, 38, 247]
Q9EPH0,[135, 168, 247]
Q9ES07,[116]
Q8N357,[]
Q8BGK5,[]
Q5U4D8,[5, 113, 167]
Q9WU39,[5]
P51171,[5]
O13263,[5]
Q9Y584,[]
Q9CQ85,[]
Q9Y6L6,[]
P32568,[]
Q92341,[]
Q9XBQ9,[116]
Q94AZ2,[116]
P83094,[199]
O31501,[]
P44986,[49]
P31549,[]
P31548,[49]
E2JF22,[]
P43286,[246]
Q9H2H9,[5]
Q96QD8,[5, 265]
Q9NY26,[77]
Q8BGD6,[62]
Q9BRY0,[77]
Q9C0K1,[77, 116, 228]
Q92736,[199]
Q75N73,[71, 77]
Q7Z3Q1,[]
Q5BKX6,[116, 130]
P14069,[]
Q9Y2W3,[116, 130]
Q8NBS3,[5, 85, 116]
Q9JI66,[5, 150]
Q8BMD8,[]
P55014,[5, 38, 247]
Q8N697,[116]
Q96RN1,[135, 168, 247]
Q7TML3,[]
Q5T1Q4,[]
P31650,[5, 190]
O88575,[5, 25]
Q12328,[]
Q9JJL3,[]
Q6ZQN7,[]
P39709,[32]
Q07837,[156]
O80605,[116, 130]
Q9FE59,[116, 130]
Q496J9,[]
Q6NQN5,[]
G5EBK1,[5, 38, 116]
Q51330,[168]
B6RAL1,[]
O95153,[199]
P18902,[10]
Q9JHE5,[5, 265]
P0AGH3,[]
A2VCW5,[21, 265]
O66491,[]
Q9X1I9,[]
Q6ZMH5,[77]
Q8BYR8,[]
P38383,[]
A0AV02,[38, 247]
Q7YRU6,[38, 247]
Q13183,[5]
P04775,[5]
A2ASI5,[5]
P58743,[135, 168, 247]
Q6ZT89,[]
P97524,[]
O00337,[5, 87]
O88627,[5]
O15245,[5, 27, 247]
Q62773,[5]
Q9Z306,[]
Q61672,[]
O70594,[]
Q4W8A3,[]
Q96S37,[276]
Q497L9,[48]
P78381,[]
Q3ZAV1,[276]
Q9Z2J0,[5, 153, 269]
Q9BS91,[]
Q8VCA0,[]
Q9UGH3,[5, 153]
P23978,[5, 190, 247]
P31649,[5, 190]
Q9WTR1,[199]
Q93890,[51]
Q9SX48,[]
Q9SJP9,[25]
Q4LDG0,[]
Q9ES38,[]
Q61327,[5, 27, 247]
Q9NQQ7,[]
Q8VCX2,[]
P31645,[5, 64, 247]
P28366,[84]
P21817,[199]
Q91W10,[77, 116, 228]
Q9H2X9,[20, 38, 247]
Q8K3P6,[]
Q99MR3,[38, 247]
Q5U680,[43]
Q9NWF4,[48]
E9RGS4,[]
O18757,[]
Q8CJ44,[5]
P53969,[]
Q3SY17,[162]
P15390,[5]
Q60714,[63, 167]
P58735,[135, 168, 247]
Q9HGN7,[]
O54698,[140]
Q80WK7,[]
Q9BZD2,[]
O75751,[]
Q99P65,[]
Q4U2R8,[]
Q8R139,[]
Q8TCC7,[]
Q9Y694,[]
O88909,[]
D8WUA4,[]
Q91WU2,[]
Q9Y267,[48]
P78382,[78]
A0QYG9,[84]
Q61420,[78]
Q6A4L0,[40]
Q80UJ1,[]
Q9EPR4,[5, 153]
P60059,[]
Q8N4F4,[]
P31648,[5, 190, 247]
Q9UHI7,[5, 153, 269]
P48065,[5, 190]
P48067,[5, 79]
Q9SMP2,[]
Q38885,[]
P33303,[53, 236]
Q93646,[]
Q9NPD5,[]
P0DOE4,[5, 38, 247]
Q39232,[116, 130]
Q0D9V6,[259]
Q9FMX3,[]
P9WG91,[]
Q6QJE2,[135]
Q74MJ7,[116]
Q02563,[]
Q7L1I2,[]
Q63564,[]
Q9K0U9,[207]
P03305,[]
P03303,[]
Q7TNN9,[20]
P0AFY6,[221]
Q9ES44,[]
Q80UP8,[]
O15244,[]
P27306,[116]
Q9MAX3,[135]
Q9FVQ4,[34, 86]
Q00724,[10]
Q8BG05,[]
P0ABG7,[213]
Q5N8J1,[]
Q9NA75,[38]
Q9NA73,[38]
Q8ZRV1,[]
Q9M390,[]
A9WGD1,[]
Q08357,[5]
O70577,[]
Q9JIM1,[140]
Q8MJI6,[]
Q8VC69,[]
Q9BSG5,[48]
Q3U1J0,[21, 265]
Q6YBV0,[25]
Q5I012,[]
P0AAH8,[]
Q78IQ7,[77]
Q9NUM3,[]
Q3V050,[]
P06703,[]
Q4U116,[5, 150]
P0AG96,[]
Q9D6X5,[48]
Q9JIS8,[38, 247]
Q863Y7,[48]
O66505,[]
P45843,[]
P50443,[135, 168, 247]
B1AWN6,[5]
P84903,[199]
P09836,[]
P0AGC0,[]
Q04301,[]
O31467,[]
P38967,[]
A9ZSY3,[]
P23924,[]
Q80T22,[]
P77348,[]
Q3URS9,[38]
Q8ZPK2,[]
Q8ZPK1,[]
P07110,[]
Q47421,[]
Q14JW6,[]
Q8CG09,[14, 134, 192]
Q28689,[192]
P94360,[]
Q80WJ6,[]
P37061,[]
Q058N4,[]
Q12412,[]
Q9AFF7,[]
P77529,[156]
B9VUU3,[]
Q9NY72,[5]
O43511,[135, 149, 168, 247]
Q8VHE0,[]
Q6PCB7,[63, 167]
Q6P1M0,[63]
Q9R141,[]
Q9R1U7,[]
P0DJP3,[84]
Q9SJV5,[]
P30531,[5, 190, 247]
A1A5C7,[]
P61619,[199]
Q07534,[]
P0CK97,[]
Q9S3K0,[116]
Q7Z5S9,[]
Q12078,[]
P0AGE4,[5]
O34739,[]
P83093,[199]
P23586,[]
Q9FY46,[135]
P25594,[]
Q9VXN2,[116]
Q2RSB2,[116]
P27514,[]
P14175,[]
Q5XAF5,[]
O57379,[]
P31662,[]
Q5FWH7,[77]
Q0P5V9,[116, 130]
Q6RVG2,[5, 150, 247]
Q9UHW9,[20, 38, 247]
Q08986,[43, 220]
Q66HR0,[38, 247]
Q28677,[20, 38, 247]
Q8R0Y8,[140]
Q924N4,[20, 38, 247]
Q9NQ40,[48]
Q9HAB3,[48]
Q7M729,[5]
Q9NP91,[5, 25, 31]
P9WGP1,[]
Q8C0X7,[]
Q3KNW5,[5]
Q13530,[265]
P38925,[116]
Q9BX79,[10]
P70302,[199]
Q10R54,[61, 116, 130]
O41174,[]
Q8TBB6,[]
O35433,[199]
A9YWR6,[]
Q0V8E7,[10]
P12866,[]
Q9LT15,[116]
Q9SMM5,[]
Q84WN3,[]
P40528,[]
Q9Z0V8,[]
Q8NER1,[199]
P32715,[]
O74872,[]
P28667,[199]
Q12117,[]
P49821,[]
P04394,[]
Q2YQ73,[19]
O95168,[]
Q01098,[199]
O16242,[5, 199]
Q6Z2T3,[270]
Q8BZF2,[]
A2AIR5,[199]
P29915,[]
Q56228,[]
P0AFE8,[]
P38921,[43]
Q9U1S7,[199]
Q13563,[5, 38, 199]
P29991,[]
P07564,[]
Q9WDA6,[]
P20649,[116]
P27915,[]
Q7M290,[116]
Q57425,[229]
P03301,[]
P26660,[]
Q4J711,[]
Q11069,[]
O15533,[]
P69822,[]
Q9UBN4,[199]
Q8JZU2,[]
P04575,[]
Q12519,[]
P47159,[]
Q27331,[116]
P32366,[116]
P45394,[5, 38, 199]
Q6BEX0,[184]
P39328,[]
P32331,[]
Q48332,[116]
Q16572,[]
Q03516,[]
Q495M3,[25, 116]
Q8BWH0,[21, 62, 265]
Q8C145,[77]
Q921R8,[]
P05964,[]
D0VWU4,[]
Q86VL8,[116]
A2APX8,[5]
Q63632,[38, 247]
P41438,[169, 260]
Q9JKQ2,[135]
Q9H015,[]
Q63089,[5, 27, 247]
Q14542,[]
Q62674,[5, 87]
Q7RTT9,[]
Q9VVD9,[39]
Q96BI1,[116]
Q9WTW8,[5, 153]
P32915,[]
Q9H1N7,[39]
Q76M72,[]
Q96DW6,[]
Q8VE96,[]
P48029,[5, 226]
P0DI74,[]
Q8BGD4,[]
P31675,[116]
P02906,[135]
Q18779,[51]
O70491,[10]
P39932,[116]
Q9FGQ2,[163]
P09925,[116]
Q8SQU9,[116]
Q6GN30,[38]
Q62351,[]
Q8ZRV2,[49]
P37774,[156]
Q969I6,[]
Q9ZZX1,[116]
Q60175,[]
Q24498,[199]
Q7ARI8,[84, 116]
P40291,[84, 116]
Q6NUK1,[]
P55013,[247]
P22340,[]
P9WGN7,[]
Q3LFN0,[48]
P9WGN5,[]
Q07699,[5]
Q9BYT1,[]
P39515,[]
O32047,[]
Q9QZX8,[]
Q9UIG8,[]
Q13796,[5]
P0AG78,[135]
Q9GQQ0,[]
Q10482,[]
Q9FY94,[]
Q971B7,[116]
Q56403,[116]
Q97CQ0,[116]
P13548,[116]
P17255,[116]
P31407,[116]
Q19626,[116]
P27449,[116]
P84843,[199]
P63082,[116]
Q95YI5,[51, 67, 259]
Q5QF96,[55]
P63081,[116]
Q03105,[116]
Q13336,[55]
Q54E04,[116]
Q8VHL0,[55]
Q9SZY7,[116]
Q9SLA2,[116]
Q2TA24,[116]
Q15849,[]
Q8R4T9,[]
Q99437,[116]
Q91V37,[116]
Q62668,[]
P23968,[116]
Q9SRE4,[24, 259]
Q9LPU2,[]
Q9FIH5,[]
Q8RWW7,[]
O23654,[116]
Q2KIB5,[116]
Q5EB76,[116]
Q20591,[116]
P31404,[116]
P49343,[]
P39414,[]
Q7RVX9,[116, 228]
P0C0L7,[116]
O51233,[]
P18577,[20]
Q08AI6,[]
P0AAH4,[]
Q6P5W5,[77]
Q31125,[77]
P0AC98,[44, 116]
P43007,[25, 156, 188, 247, 265]
Q5I0E9,[]
A7KAU3,[]
P55017,[5, 38, 247]
Q94AG6,[43]
Q2Y0W8,[5, 150, 247]
Q91V14,[20, 38, 247]
P31646,[5, 190]
Q91WN3,[]
Q39231,[116, 130]
Q9P246,[199]
Q9LH79,[]
Q9C9M9,[]
P23849,[38, 247]
P12685,[38]
P10907,[197, 225]
Q0P887,[203]
A0A2A5K1W4,[]
P60170,[]
Q87RS1,[110]
O14123,[5, 116]
Q8IYB4,[]
P26662,[]
Q5EG65,[]
Q9LVE0,[161]
Q7A6R5,[84]
Q9FM10,[]
Q8L9J7,[]
Q944M5,[]
Q20332,[247]
P23136,[116]
P55851,[]
Q9K1M2,[164]
C0MHL9,[]
P39604,[213]
Q9JIS5,[]
Q3E7B6,[116]
P54647,[116]
P56501,[]
P12242,[]
P0CE44,[]
Q9SZ96,[]
Q9FDZ5,[]
P81103,[116]
O15342,[116]
Q9XW92,[116]
Q5AJB1,[116]
P38606,[116]
Q9SJK6,[]
P03093,[]
Q8BLE7,[]
P69795,[]
Q7Z2H8,[25, 116]
Q8WUX1,[21, 265]
A6NNN8,[]
P0AGH5,[]
Q9JM15,[5]
Q1KZG0,[77]
P0A1C1,[84]
P74857,[84, 116]
P58355,[116, 130]
Q96FL8,[116]
Q8BTY2,[5, 150]
Q63633,[20, 38, 247]
P0AG99,[]
Q8CFJ7,[]
Q8BW66,[]
Q9H1U9,[162]
Q8IY34,[116]
Q9R155,[135, 149, 168, 247]
P36836,[116]
Q6ICL7,[]
Q5SKE6,[]
Q86UG4,[]
O14925,[]
P33026,[116]
P31436,[116]
Q9BSA9,[38]
Q9CXY1,[38]
Q6AY05,[38]
S5VBU1,[38]
Q9BWM7,[]
Q95V25,[38]
O76689,[5]
P0AAI1,[]
Q39228,[116, 130]
Q9SFG0,[]
Q69JW3,[61, 116, 130, 222]
F4KFS7,[]
P06795,[]
A0A1C7E424,[]
B7ZSK1,[199]
Q05586,[199]
P19404,[]
O96000,[]
P29917,[]
O78748,[]
P03893,[]
P93313,[]
Q8SUF9,[94, 224]
O79881,[]
A0A2A5JY22,[]
P80730,[]
L7WRR4,[]
Q9FJH7,[161]
Q94JG1,[161]
P38045,[161]
P38046,[161]
Q9LPV5,[161]
Q59647,[116]
P85410,[]
A0A2S4N3N0,[]
P0DH58,[]
A0A4P7TME1,[]
Q96SN7,[199]
E6MZM0,[]
P76773,[]
P13156,[]
Q41050,[]
P40897,[]
P31979,[]
P46922,[]
A2RKA5,[]
P33021,[]
P23008,[]
Q84RL7,[246]
Q68T42,[]
P29846,[]
Q913V3,[]
P9WFZ3,[38]
Q9Z0U0,[]
Q96247,[]
Q8DP44,[116]
P00845,[116]
Q7CRB2,[116]
Q93VM8,[]
P46333,[]
P9WQM1,[100, 135]
P37313,[]
P9WJY5,[]
P50726,[48]
Q79VC4,[]
P77579,[]
Q155Z9,[]
Q0KL00,[]
P93004,[246]
Q9M817,[161]
B6HJU0,[]
P9WN99,[213]
Q9QXP0,[20]
P41263,[10]
Q180E3,[]
Q9NIV0,[20]
E9Q9W4,[63]
Q8BJI1,[]
Q8QZY4,[48]
O05139,[116]
Q0WWW9,[]
Q925B3,[199]
Q9BX84,[199]
Q61056,[199]
P43979,[120]
O30085,[120]
Q01359,[116]
P0ADV9,[263]
P26235,[5, 116]
P35439,[199]
Q99LC3,[]
Q12879,[199]
O95139,[]
P35438,[199]
Q9B6D4,[]
P03307,[]
P03308,[]
P13899,[]
P14176,[]
Q66478,[]
D4GVK4,[]
Q9ZSR7,[103]
P53257,[7]
Q38906,[]
P40310,[38]
Q9ESQ5,[199]
Q8NET8,[199]
O34521,[]
P13866,[5]
Q8C3K6,[5]
P11170,[5]
P0AG90,[]
P31639,[5]
Q923I7,[5]
P53794,[5]
Q9JKZ2,[5]
Q9NY91,[5]
O70247,[5, 113, 167]
Q9GZV3,[5, 248]
Q8BGY9,[5, 248]
Q9JMD7,[5, 248]
Q3ZMH1,[]
Q8N695,[5]
Q8BYF6,[5]
P51168,[5]
P60880,[38]
Q74FU6,[]
Q9LNV3,[]
O31568,[]
P22055,[]
P49380,[116]
P50852,[]
P69801,[]
P0AGH8,[]
Q7A804,[]
M5AXY1,[10]
Q9Y2P4,[63]
Q63488,[]
Q969S0,[51, 67]
Q60857,[5, 64, 247]
Q9Z2I7,[]
P02980,[]
P35577,[]
Q9STE8,[]
Q9K2Y1,[]
Q704Y3,[199]
Q9R186,[199]
Q9I8D0,[116]
C0HK58,[116]
P81450,[116]
Q8DLG8,[116]
Q03961,[]
Q4V8I7,[115]
P0AAG5,[]
A1B497,[]
Q80WK2,[]
Q8R000,[]
Q90YM4,[]
P12916,[]
P03311,[]
O34734,[]
P36371,[]
Q7TN60,[]
Q5QM84,[199]
P82805,[]
C0H3V2,[]
Q9VMU8,[]
O74395,[]
P38359,[135]
Q12325,[135]
Q9LUR4,[]
Q90WJ7,[]
P0AGF4,[116, 215]
P02932,[]
Q9UKG4,[5, 135]
P46029,[]
Q9BXP2,[38, 247]
Q9GL77,[5, 150]
Q63424,[116]
Q9JIP7,[116]
P40879,[135, 168, 247]
Q7LBE3,[135, 168, 247]
P0DI75,[]
P48056,[5, 190]
Q6RX08,[199]
Q9Y5S1,[199]
P57112,[116]
Q9LUE3,[]
P92946,[135]
Q9VL32,[]
Q7L0J3,[]
Q8BG39,[]
Q9UT18,[116]
Q9LDH3,[]
Q13488,[116]
P04276,[]
P9WJW7,[]
P9WQI5,[]
O07549,[]
P33362,[]
O32101,[]
O31710,[]
P64423,[77, 116]
Q9ESQ7,[]
Q9LV10,[116]
P04916,[10]
O34931,[]
Q037U3,[]
P28584,[38]
P9WGU5,[]
O34946,[262]
P9WQM5,[]
Q9CWU2,[]
Q9C0U9,[]
Q9ESQ4,[247]
Q8CEG0,[]
Q86JM7,[199]
Q5XIU9,[]
P10820,[]
Q9XF59,[246]
P69874,[194]
O05505,[]
D4GWC8,[]
Q7Z403,[]
P48994,[199]
Q2TV84,[199]
P32089,[]
P06817,[]
Q94AP3,[]
P46136,[]
P37597,[]
P38318,[116]
P69808,[]
O34315,[]
P69428,[]
P9WGA1,[]
Q9DAM5,[]
Q9FNC9,[]
Q9P0U1,[]
Q19907,[38]
P9WQK1,[]
Q9QX29,[199]
Q9QZC1,[199]
A8MRY9,[51]
P34374,[199]
P13272,[116]
P15920,[116]
Q9LSF6,[]
Q9LF61,[103]
P53007,[]
P32135,[]
P45114,[]
O13714,[]
P94419,[]
P0AFP9,[]
Q06328,[]
Q6R3K9,[]
Q9C101,[]
E1V6C5,[38, 247]
Q88N31,[]
Q88N32,[]
Q5ZLR5,[116]
P49728,[]
P31435,[]
D4GP39,[74, 202]
P0AGI4,[]
Q08234,[]
P53735,[77]
A0QQ68,[204]
Q940Y5,[]
Q9F7P4,[]
P92962,[25]
Q6J4G7,[]
P53134,[]
C6KEF6,[]
P69805,[]
P9WG09,[]
Q53922,[]
Q8RVC7,[135]
P50516,[116]
P9WQM3,[]
O35119,[199]
P9WQJ5,[]
P10090,[42, 48, 125, 127]
Q7TSF2,[]
P37662,[]
Q46892,[211]
P75763,[]
P34240,[77]
Q8IWU4,[77]
Q8NHX9,[5, 199]
Q8BWC0,[5, 199]
Q51368,[]
P82874,[]
P02929,[]
P0A9U1,[]
P37617,[77, 158, 208, 262]
P48995,[199]
P10905,[225]
P30628,[116]
P9WQK5,[]
Q46821,[42, 276]
G5EGP4,[116]
G5EEK9,[116]
O35458,[116, 190]
D4GP38,[74, 202]
P77726,[]
O94639,[77]
Q62634,[5, 247]
P9WL77,[]
Q12235,[]
P94418,[]
P45861,[]
P0AGI8,[38]
P0DSL2,[]
Q8ZLF4,[197]
Q8BLN6,[]
Q9RU24,[]
P47985,[116]
Q94JS0,[116]
Q9LYR2,[116]
Q9Y487,[116]
P45562,[87]
Q8NDX2,[]
P75683,[]
Q62812,[5, 38]
Q39196,[246]
P04936,[]
Q9FF53,[246]
P31452,[]
Q9XH46,[]
P33011,[]
P39953,[162]
Q9P7B3,[116, 199]
Q9Z1K8,[]
Q8IUH5,[]
O31688,[262]
Q9XFJ8,[]
Q9XSM3,[199]
Q9WUD2,[199]
Q18120,[38]
P76417,[87]
P40556,[124, 162]
P0AFQ2,[]
P75783,[]
P33941,[]
Q12697,[]
Q9H313,[247]
Q681Q7,[]
P37388,[202]
Q8RWZ6,[]
P33024,[]
Q9RGG4,[]
Q2EHL7,[]
Q9QX01,[199]
Q9S2H6,[]
P24774,[10]
Q9QUT0,[20]
Q9VB11,[]
Q8LBF7,[]
O17185,[38]
P02981,[]
D2ZZC1,[229]
Q12252,[]
Q9FZ96,[]
P20166,[]
P69829,[]
Q8N4V2,[]
P53394,[135]
Q8BFT9,[]
Q66JT1,[]
Q8BGR2,[]
P9WGU7,[]
Q8R502,[]
V6F4W4,[]
Q08777,[48]
O39929,[]
Q7A4B3,[]
P09323,[]
P25184,[]
Q9P380,[]
Q9M9V7,[161]
Q09056,[207]
Q06987,[207]
Q9SZY4,[]
P97887,[199]
P39766,[]
Q87TN7,[38, 247]
Q09852,[]
A2RI47,[]
Q04705,[38]
Q9LRP2,[]
Q58505,[38]
E1V6K4,[38, 247]
Q9Y210,[199]
Q9Y7Q9,[]
Q2HJ10,[77]
Q9JJH7,[5, 38, 199]
A0A0R4IMY7,[199]
P38750,[161]
Q03327,[]
Q93KD4,[203]
Q91YD4,[5, 199]
P05919,[]
Q05940,[5, 64, 247]
P54219,[5, 64, 247]
Q9QZ71,[]
Q9UBH6,[]
P25297,[116, 228]
P37188,[]
P24400,[]
P21958,[]
Q7PIR5,[]
O23680,[]
Q41009,[]
Q9HVS4,[]
P77400,[]
P0AA60,[]
P38055,[]
E9PTT0,[]
P39542,[]
Q9XUC4,[77]
Q12436,[77]
Q5SR56,[]
Q57286,[]
P51180,[246]
P60678,[]
P54745,[116]
Q8VZL4,[]
Q864R9,[192]
P63359,[]
E9Q236,[13, 14, 41, 192, 276]
Q9R1S7,[192]
Q03455,[77]
Q9K2S2,[5, 116]
Q9RGZ3,[]
Q9RGZ0,[]
O05228,[5, 116]
A2RIB7,[]
P15072,[]
Q69422,[]
P08544,[]
Q9SKJ7,[]
O34900,[]
Q07904,[]
D7PHY8,[]
Q9Z1G4,[116]
Q8R090,[5, 64, 247]
P40004,[51]
P77389,[]
P25311,[]
P97441,[77]
O74901,[]
P39352,[]
Q5ZIH3,[]
Q6QIX3,[77]
Q9BRI3,[77]
P0CY48,[116]
P32563,[116]
P9WJY1,[]
P76198,[]
P40544,[77]
Q8LPR8,[]
O48950,[]
Q8CA03,[]
Q9C0H2,[247]
A0A0B7P9G0,[]
Q9ZR03,[]
O53900,[]
P53273,[135]
P76103,[35]
Q12251,[39, 126]
P0A9X1,[262]
Q05998,[109]
P39456,[]
P9WG97,[]
Q8R4P4,[199]
A1Z8N1,[]
P16153,[]
Q9VJJ7,[199]
P60778,[]
Q9Y6M5,[77]
P77328,[42]
Q09766,[]
Q46863,[]
O34362,[]
P71012,[116]
Q9QUQ5,[199]
Q979Z2,[38]
P31826,[]
P77031,[]
P39301,[]
Q9ZQ89,[97, 116]
Q70625,[]
P69699,[]
O30144,[203]
Q94G16,[]
P25396,[]
Q09906,[]
Q6AWX0,[]
Q7Z4N2,[199]
P39830,[116]
P38776,[]
P40445,[135]
Q6R3K4,[]
P32804,[77]
Q6PML9,[]
Q8BJM5,[77]
Q7XLD4,[77]
O39928,[]
P37439,[]
P34230,[]
E5QVT2,[48]
P06912,[10]
D3ZH22,[]
Q8N2C7,[]
P04958,[]
Q47537,[]
Q9XH75,[]
Q9WTN5,[5, 199]
Q96QT4,[199]
Q9HCX4,[199]
P17127,[]
Q9HBA0,[199]
P32837,[116, 190]
P0AAD4,[]
Q29466,[116]
P0AFT2,[156]
P69425,[]
O05523,[]
O67305,[]
P0AFS5,[]
Q43715,[]
P38825,[]
O25899,[]
Q8R455,[199]
Q9EPK8,[199]
Q88N30,[]
Q3TXX4,[5, 247]
Q9WTR6,[]
P9WJX1,[]
O24367,[]
P42839,[5, 38, 116, 199]
Q05497,[]
O59785,[]
P0AAG8,[275]
Q14728,[]
O75489,[]
P23709,[]
Q9DA75,[5, 63]
P03888,[]
Q925N3,[]
P27909,[]
Q9ZV07,[246]
Q2FK70,[]
Q9EXD8,[]
Q27963,[]
P0AGM9,[42]
P9WJX3,[]
Q07307,[42, 276]
P34579,[116, 190]
P08067,[116]
P9WQJ1,[]
O52733,[]
Q8W245,[77]
Q9WYC4,[]
P43562,[116]
O13779,[]
P46996,[]
Q9I3L9,[135]
P69423,[]
Q7Z402,[]
O94826,[]
P9WQI7,[]
P19334,[199]
Q9H1D0,[199]
Q7A4T3,[]
P9WJI3,[5, 38, 116]
P42200,[]
P96792,[]
A5LGM7,[]
Q9ULQ1,[5, 199]
P0DTT6,[74, 202]
Q7DDB6,[]
P75757,[77]
P38142,[]
O94343,[]
P33916,[]
Q5IRJ6,[]
P34711,[]
E9PTA2,[5, 199]
Q04602,[]
P70406,[]
Q9CR68,[116]
Q920R6,[116]
P53241,[167]
P0DO17,[]
Q9R032,[]
Q9JZN9,[]
Q3UVU3,[77]
P0CE46,[77]
P37296,[116]
Q9HBG4,[116]
P9WGF7,[135]
Q09274,[5]
P0C5X8,[247]
P49344,[]
P0C8N8,[]
Q22271,[38]
P03094,[]
Q9LPF1,[]
O13657,[]
P45768,[]
Q9UM01,[]
P20107,[77]
Q99726,[77]
O35149,[77]
P39832,[77]
Q8BWG9,[199]
G7CBF5,[]
Q9VVL1,[]
P26466,[160]
Q02783,[]
Q3KRC6,[]
Q5U308,[]
Q8TDD5,[199]
O75380,[]
Q71RS6,[5, 38, 199]
Q56229,[]
P0AC26,[]
P29913,[]
Q03463,[]
P07654,[]
P69811,[]
Q8RX77,[161]
P9WHH5,[116]
O82587,[]
Q9EQJ0,[5, 199]
Q9HC21,[7]
P82873,[]
O94759,[5, 199]
P04140,[70]
P69367,[]
Q287T7,[]
Q9LZD0,[]
Q8VZW1,[59, 246]
O54701,[5, 38, 199]
Q2FYQ8,[271]
P03886,[]
P03891,[]
O79880,[]
P29739,[]
P32332,[135]
Q9SM57,[]
Q9VCA2,[]
O34742,[]
P9WIV9,[]
P0AFC7,[]
Q7RTS6,[116]
Q51955,[]
Q7RTS5,[116]
Q03YI6,[]
Q8C437,[]
P26380,[]
Q69ZS6,[]
D8KIE9,[48]
Q02161,[20]
Q8N434,[]
B0SR19,[]
P36370,[]
E7FFT2,[]
P49133,[]
Q5M7W4,[]
Q7TN37,[199]
P05923,[]
O35633,[116, 190]
Q57201,[]
P0AAE2,[]
P27958,[]
P0AFJ7,[28, 77, 116]
P17334,[]
Q9UBD6,[20]
Q9Z2I6,[]
P42252,[]
P53322,[]
P52875,[199]
P11869,[]
Q94KI8,[199]
Q8YSQ6,[]
Q7Z404,[]
Q9LHE5,[]
Q8R4D5,[199]
Q9JIP0,[199]
P0AAT4,[]
Q58026,[]
B4E9G3,[213]
P17568,[]
O85187,[5, 116]
Q13224,[199]
Q9Y6M9,[]
O75306,[]
O43181,[]
O79882,[]
P83149,[]
Q9H813,[247]
P82542,[247]
Q8VZS0,[]
Q9ZWT3,[]
Q8VYM2,[]
Q66765,[]
Q9WN78,[]
K4REQ6,[229]
Q9H5I5,[]
Q66479,[]
P28008,[]
Q99595,[]
P0AFZ7,[38, 247]
O45923,[77]
Q93050,[116]
Q57556,[5, 38, 199]
P69791,[]
Q9LQL2,[38, 116, 161]
Q99S77,[]
P69831,[]
P69828,[]
P49768,[199]
O60830,[]
P02930,[]
Q8TDI8,[199]
P20788,[116]
P38329,[38, 247]
Q9JI12,[]
P0AGH1,[]
Q04013,[]
P37643,[]
P37772,[]
P76197,[]
P25351,[]
Q3YW59,[208, 262]
Q9S7Z8,[]
Q9ATM6,[246]
Q9C508,[]
Q61143,[199]
Q3TH73,[247]
O57728,[116]
P07056,[116]
P0CE45,[]
P75810,[]
Q9HNE3,[116]
A8AC29,[116]
O35304,[]
P37674,[]
Q401N2,[]
Q12010,[]
O31711,[]
Q6NXT4,[77]
Q9EYX5,[77]
O34610,[]
Q60738,[77]
Q9BRV3,[]
Q8GZ79,[]
Q9NZQ8,[5, 38, 199]
Q8K424,[199]
Q9UL62,[199]
A0A1X9QDU4,[]
Q9W5A5,[247]
Q9SJT7,[116]
Q01827,[5, 64, 247]
P9WPD7,[59]
P38087,[]
P93303,[116]
Q9JKN1,[77]
Q8RWN2,[38]
P9WJX9,[]
Q03519,[]
Q9HC07,[199]
K9UJK2,[38]
P0ABV6,[]
Q7TN58,[]
P07213,[]
O96008,[]
Q9SX55,[]
Q93971,[]
Q923J1,[199]
Q13454,[]
Q46136,[]
P25874,[]
P05417,[116]
Q9ZPR7,[97, 116]
P0AGM7,[97]
P21614,[]
Q04162,[116]
P75835,[]
Q80TN5,[]
Q9UT92,[]
Q8TAD4,[77]
A0A1X9QDU5,[]
P25286,[116]
P53262,[116]
P02774,[]
Q9UPY5,[]
P9WGF5,[71, 77]
Q5XCC7,[]
Q12424,[]
P0ABT8,[]
O42885,[]
P38079,[]
P0AA63,[]
Q03263,[85]
Q12407,[116]
Q03697,[]
Q9R0S5,[]
P54954,[]
Q92536,[]
P76115,[]
P0DSL1,[]
Q9BSA4,[247]
O31569,[]
P54953,[]
Q8IUH4,[]
Q7ANN4,[]
Q66578,[]
P92961,[25]
Q7A807,[]
Q94GB1,[]
P46032,[]
Q6YZF3,[]
Q9SAY1,[135]
Q6P5F7,[247]
Q46909,[]
O07550,[]
Q12324,[5, 38, 199]
O59698,[81, 220]
O32074,[]
Q8KR68,[]
P0A927,[]
G5EFJ9,[38]
Q8BTV1,[]
P26290,[]
W5PSH7,[]
Q02762,[116]
Q9Z2B2,[101, 135]
Q47706,[]
Q8YNL5,[]
O13726,[5, 38, 116]
P76352,[47, 176]
P77228,[38]
P75870,[]
P38279,[]
O74829,[81, 220]
P92935,[94, 224]
P21727,[]
P69820,[]
O94695,[]
P42590,[]
P39277,[88]
O14329,[77]
Q8R4H9,[77]
P0A8H3,[71, 77]
Q9CIF0,[]
P36672,[]
P20966,[116]
P05706,[]
A2RJJ9,[]
P54596,[156]
P0AEM9,[156]
O05522,[]
P38085,[]
F1QFU0,[]
Q8TD43,[5, 199]
Q13507,[199]
P37841,[116]
P04633,[]
P55916,[]
Q93SX0,[]
Q69S39,[]
P08980,[]
Q93Z75,[42, 97, 116]
Q94DG6,[77]
Q99T13,[]
Q9Z0V7,[]
D5ANZ2,[116]
Q76NM6,[116]
P83794,[]
O01393,[]
P86205,[116]
P19554,[]
P53142,[]
Q8BRU6,[5, 64, 247]
A7XZ53,[]
Q57538,[]
P32386,[]
P21503,[]
O31712,[]
P23355,[116]
P69797,[]
A0A1D8PI78,[]
Q8IU68,[]
Q54001,[]
Q8R4P5,[199]
Q9D3A9,[247]
P39282,[]
P39109,[192, 208]
Q9LUN2,[]
O60146,[38, 247]
O74899,[45, 144, 223]
P00411,[116]
P36032,[]
Q92508,[]
Q82081,[]
Q03518,[]
P43769,[]
P37621,[]
P77549,[]
O07523,[]
P31448,[5]
Q6XR72,[77]
O14863,[77]
Q99IB8,[]
A8DYE2,[77]
Q8W4S4,[116]
P67444,[42]
Q9ZUA5,[]
P9WKR5,[]
Q58206,[]
P37327,[]
P32137,[]
Q8BGK6,[]
P53049,[192, 208]
P43531,[]
P0AAD8,[116, 234, 265]
P36372,[]
A9ZSY2,[]
Q7Z2W7,[199]
Q91WD2,[199]
A0A1D5PXA5,[199]
P9WPU9,[116]
Q28852,[116]
P18859,[116]
Q56ZN6,[116]
Q6PDU7,[116]
P21571,[116]
P38360,[208]
P9WPS5,[199]
Q9JJV4,[199]
Q94A87,[]
Q9JM47,[38]
E9NA96,[]
P58390,[38]
O35111,[38]
Q8K3F6,[38]
P0A333,[38]
P0A334,[38]
O32080,[]
P39196,[5]
Q8U0Z7,[]
P37636,[]
P37637,[]
Q8VEM8,[]
Q96290,[]
P60753,[]
Q96J66,[13, 192]
O05227,[5, 116]
Q14957,[199]
Q95748,[]
Q6J4K2,[5, 199]
Q9SAI4,[85]
Q9JJC8,[]
O79874,[]
P92533,[]
O78747,[]
Q8NA29,[5, 63]
P03905,[]
P03897,[]
P0DKH0,[161]
Q6RYW5,[]
P23843,[]
P77747,[]
O49929,[]
Q04883,[]
P0AFE4,[]
Q03215,[116]
P16552,[116]
P18631,[]
Q99MI1,[199]
Q05131,[]
Q811U3,[199]
P34957,[116]
P76425,[]
Q7A698,[116]
E0TW65,[116]
P34958,[116]
P34959,[116]
Q04671,[102]
P0A0J9,[]
P14319,[]
P37619,[]
P31930,[116]
P83782,[116]
J9VPD8,[116]
P07919,[116]
Q871K1,[116]
Q9UDW1,[116]
Q79VE9,[116]
P9WP37,[116]
Q8NNK5,[116]
P9WP35,[116]
P40475,[]
P40474,[]
P38227,[]
P98009,[116]
E0TW66,[116]
P34956,[116]
Q7A699,[116]
Q81HT3,[116]
E0TW67,[116]
P04983,[173]
P15325,[116]
P0AGI1,[]
P27125,[]
Q9JIR0,[199]
P19456,[116]
Q66282,[]
Q03053,[]
P20431,[116]
P17787,[108]
P26153,[108]
P25110,[108]
P41233,[]
Q8WWZ7,[]
Q8R2H3,[247]
Q8IZY2,[]
Q8K441,[]
Q7TNJ2,[]
A2RI45,[167]
Q8K449,[]
Q9JI39,[]
O95342,[13]
Q09429,[38]
Q21005,[247]
Q63563,[]
E9RBG1,[]
P06609,[134]
G3XCN6,[]
Q6FDF6,[]
P48410,[22]
D3ZHR2,[22]
P55096,[]
P06611,[134]
Q18DH8,[]
Q9NGP5,[]
P29563,[]
Q91WA9,[217]
P41820,[]
B0R633,[]
P0DMH8,[]
Q9H222,[]
P33743,[]
P12428,[]
Q7YQK3,[]
P28222,[199]
Q9Z6M6,[]
Q9FLT4,[]
Q6NLC1,[]
Q9C8G9,[15, 96, 104]
Q8H8V7,[]
Q9M1Q9,[]
Q8LPK2,[]
Q9NS82,[265]
P63115,[]
Q87PP5,[]
Q87NZ5,[]
Q87NG3,[]
Q87J97,[]
P0C1F8,[]
P39396,[124]
P14772,[]
P61914,[]
P39088,[]
P0DL55,[]
A0A515MEN7,[]
O97470,[94, 224]
Q6LX42,[5]
P48182,[108]
Q8R2N1,[99, 246]
P47863,[246]
Q42563,[]
Q5ANA3,[]
P0AE16,[116]
Q1LX78,[247]
Q9SVT8,[20]
P13688,[]
O59868,[58, 199]
O34431,[199]
P05024,[5, 38]
Q7A4E7,[116]
Q01859,[116]
Q8DLP7,[116]
P62021,[116]
P35670,[120, 243]
P99504,[116]
Q35915,[116]
P46561,[116]
O78752,[116]
P05504,[116]
Q2RFX5,[116]
P0DPG2,[116]
Q12165,[116]
P29418,[116]
P0C522,[116]
P06451,[116]
P09219,[116]
P47082,[31, 102]
Q9FKY3,[]
Q8G2M6,[]
P00846,[116]
Q00555,[247]
Q33884,[]
Q10025,[5]
Q06143,[101, 135]
Q9UBX3,[101, 135]
Q9QZD8,[101, 135]
P49615,[199]
P24585,[5]
Q9NQW8,[]
Q8IV77,[]
P14231,[5, 38]
P13638,[5, 38]
P97370,[5, 38]
Q63377,[5, 38]
Q9UN42,[]
S8EZA7,[]
Q9I9C3,[5, 38]
Q0VCY0,[199]
O14983,[199]
Q8R429,[199]
P04191,[199]
Q64578,[199]
P16615,[199]
O55143,[199]
P11607,[199]
O07002,[]
P11507,[199]
Q93084,[199]
Q8L3K8,[]
Q64518,[199]
P18596,[199]
P86911,[199]
P20020,[199]
G5E829,[199]
P11505,[199]
A0A2U8U2M7,[]
Q01814,[199]
Q9R0K7,[199]
P11506,[199]
Q16720,[199]
Q64568,[199]
Q6Q477,[199]
Q06598,[59]
Q64542,[199]
P98194,[58, 199]
Q80XR2,[58, 199]
O75185,[58, 199]
A7L9Z8,[58, 199]
A0A7J6K338,[102]
Q5VTU8,[116]
P13619,[116]
P24539,[116]
Q9CQQ7,[116]
P19511,[116]
P32876,[116]
P05496,[116]
Q9CR84,[116]
Q06645,[116]
P17605,[116]
P07926,[116]
Q06055,[116]
P56383,[116]
Q06646,[116]
P48201,[116]
P56384,[116]
Q71S46,[116]
P08690,[15]
Q9Y2G3,[]
Q58542,[15]
O27555,[15]
P54707,[5, 38, 116]
Q9Y2Q0,[]
Q9Z1W8,[5, 38, 116]
P54708,[5, 38, 116]
Q9HD20,[58]
Q9EPE9,[]
Q9NQ11,[]
Q9H7F0,[194]
Q5XF89,[194]
Q5XF90,[199]
A0A509AE54,[]
Q8RGE3,[116]
P06453,[116]
Q5KUJ4,[116]
Q8DLP5,[116]
P54244,[]
Q23022,[108]
Q9N587,[108]
O76554,[]
O70174,[108]
P36544,[108, 199]
P02710,[108]
P02711,[108]
P46133,[136]
P22036,[112]
Q10074,[]
P02718,[108]
P07510,[108]
P58154,[]
P0DPR4,[]
Q9M2L4,[199]
Q10185,[96]
Q37145,[199]
Q8WMR7,[247]
Q8NFU1,[247]
Q8N1M1,[247]
Q99758,[]
A0A0G2K1Q8,[]
P78363,[10]
O35600,[]
Q8N139,[]
Q91V24,[]
O94911,[]
A2RMJ9,[167]
Q86UK0,[]
O00400,[116]
Q99J27,[116]
Q38967,[]
E9PX95,[]
Q9FN04,[]
P38084,[235]
Q8GUM3,[]
P92934,[]
O80592,[]
P41815,[]
Q5U5M8,[]
O70595,[232]
Q61102,[201]
Q704E8,[201]
Q9QYJ4,[258]
Q09427,[38]
G5EDN0,[247]
Q9U358,[247]
P70170,[38]
Q9X4A5,[]
P54582,[]
Q6FDF5,[]
P39642,[]
Q14SY0,[135]
Q55415,[135]
Q48314,[]
P16970,[]
Q22397,[]
D4AYW0,[]
Q7TMS5,[48, 167, 276]
Q9H172,[217]
Q99PE7,[]
Q9DBM0,[]
Q08902,[20]
Q84UC7,[]
P9WQI9,[]
Q39253,[116, 199]
Q39254,[116, 199]
Q93Z81,[116, 199]
A0A515MEM9,[]
B9W5G6,[]
J9VME1,[]
P03084,[]
Q02641,[199]
P02722,[94, 224]
P51881,[94, 116, 224]
Q8BHH1,[99, 246]
G5CTG0,[]
Q54WT8,[246]
P53943,[]
O64759,[]
P30995,[]
O35505,[199]
Q60393,[]
P26459,[]
P48037,[199]
P07355,[199]
P34358,[]
Q9DB20,[116]
Q8KRV1,[116]
P13547,[116]
P80431,[116]
Q03439,[116]
P79134,[199]
P17785,[199]
P33931,[232]
Q07969,[63]
P78348,[5]
Q9UHC3,[5, 131]
O82226,[38, 199]
Q9NY37,[5, 116]
A2VDL6,[5, 38]
P50993,[5, 38]
C0HK60,[116]
Q64535,[120, 243]
C0HK63,[116]
P0A2Z7,[116]
Q9GS23,[116]
P9WPV7,[116]
Q05375,[116]
Q8DLG7,[116]
B5FVG3,[116]
Q64436,[5, 38, 116]
P00847,[116]
Q99766,[116]
P13618,[116]
P0AB98,[116]
P15647,[]
P20114,[116]
P52569,[]
D4A055,[199]
Q12864,[]
Q60048,[208]
D5AUZ9,[]
P10844,[]
Q91YT8,[]
Q9QXT8,[38]
P00416,[116]
D5ANZ3,[116]
P0ABG4,[213]
P0A9R7,[]
P38310,[71]
P0AC25,[]
P53389,[]
P77733,[]
P16260,[]
P27360,[]
P25619,[]
P06808,[]
P03705,[]
E1V825,[]
A9ZM27,[]
P0CS90,[]
P29845,[]
P39344,[200, 211]
P35521,[38, 247]
Q96D96,[116]
Q3U2S8,[116]
Q8N1C3,[247]
P23482,[]
Q9D3D9,[116]
Q02758,[116]
P09221,[116]
P37815,[116]
Q6C338,[116]
Q5KUJ1,[116]
Q5R3K3,[]
P0ABJ3,[116]
P0C8L0,[116]
P0AA76,[107, 116]
P13509,[]
O07084,[77]
P06971,[]
P13036,[207]
P07727,[247]
A0A1D8PCL1,[116]
O70507,[5, 38]
Q9TV66,[5, 38]
Q9FLT9,[]
P33129,[]
Q21123,[]
Q9QXW9,[62]
Q6NSJ5,[]
Q9W4C5,[5]
P41036,[116]
P48765,[5, 199]
P23685,[5, 199]
P48767,[5, 199]
Q6ZI50,[161]
P46903,[5]
P46904,[5]
P32418,[5, 199]
P70414,[5, 199]
Q01728,[5, 199]
P69856,[]
Q96QE2,[116]
Q3UHK1,[116]
Q921A2,[116]
Q8K596,[5, 199]
P48768,[5, 199]
P57103,[5, 199]
S4R2P9,[5, 199]
P70549,[5, 199]
P9WJY7,[161]
P10903,[161, 252]
O33854,[161]
P37758,[161, 252]
Q3E7D0,[56]
Q56577,[5, 116]
Q9KQU7,[5, 116]
Q87N04,[5, 116]
O07553,[]
Q56EB3,[]
E1VBT7,[]
A5F120,[]
O66163,[]
Q9LCB5,[116]
B0LJC9,[116]
Q2XWL3,[116]
O32212,[5, 38, 116]
P76007,[38, 116]
A5F4U3,[38, 116]
Q87KV8,[38, 116]
Q0ZAH6,[116]
Q93HU4,[116]
G3XD29,[5, 38, 116]
P73863,[5, 38, 116]
P74393,[5, 38, 116]
Q55190,[116]
Q9FT52,[116]
P56393,[116]
P42792,[116]
Q94900,[247]
Q9Z329,[199]
P29995,[199]
Q8WSR4,[199]
P30606,[116]
O23492,[116]
P42261,[]
P23819,[5, 38]
P19493,[]
P19491,[5, 38]
P42264,[5, 38]
P75796,[]
P20059,[]
Q93XI5,[]
P23585,[116]
P40885,[116]
B0BMY1,[]
Q6IZB5,[]
P03910,[]
Q9B6D6,[]
O05000,[]
P03892,[]
Q91987,[]
P03915,[]
Q27960,[5]
O95436,[5]
Q9DBP0,[5]
P29388,[]
Q9JJ09,[5]
F2SHL1,[]
Q9B6D3,[]
P70172,[5]
Q60825,[5]
Q96EP9,[5]
Q06496,[5]
Q5PT56,[5]
Q0GE19,[]
Q8N130,[5]
Q5PT50,[]
Q80SU6,[5]
Q8K4R8,[5]
Q14973,[5]
P03920,[]
O08705,[5]
P26435,[5]
O00476,[5, 276]
P08434,[]
P04513,[]
Q82035,[]
P89061,[]
P04512,[]
P03902,[]
P02921,[5, 275]
P37813,[116]
Q7A4E8,[116]
P0C1M0,[116]
Q96D31,[199]
Q3TWI9,[]
P13510,[]
P13512,[]
Q9S814,[]
Q21415,[]
P75798,[14]
Q9ERS0,[38]
Q6P1K1,[]
Q2RIS7,[116]
Q47258,[]
Q7XPF8,[]
P36035,[116, 228]
P03960,[38]
A6YCJ2,[]
Q0WP36,[]
Q9JJ57,[38]
P78508,[38]
P22001,[38]
P15385,[38]
P19024,[38]
P15387,[38]
A6H8H5,[38]
Q95167,[38]
Q9RPF4,[]
P48547,[38]
Q9NZV8,[38]
P06597,[]
P48542,[38]
Q5JUK3,[38]
P56696,[38]
O35174,[38]
Q9XFR0,[38]
Q95XZ6,[]
Q9Z2I0,[116, 199]
Q6Q760,[5]
P26525,[]
Q8DL31,[]
P06252,[]
Q13423,[116]
P96454,[]
P08995,[]
Q42599,[]
Q9FX83,[]
O14745,[]
P70441,[]
P13738,[5, 116]
P0ADL1,[]
O15239,[]
Q9CQ75,[]
Q68KI4,[5, 38, 116]
Q9R1M7,[199]
Q8VHN2,[]
O31644,[]
Q8NE86,[199]
O95298,[]
O06923,[]
Q99J21,[199]
Q6I7B9,[]
Q8DLP4,[116]
P0DPI0,[]
Q8BXA6,[247]
O21619,[116]
Q8NNK3,[116]
P0AEQ3,[]
Q46916,[]
Q28204,[38]
Q8AYS8,[38]
Q12791,[38]
Q08460,[38]
Q62976,[38]
Q28067,[38]
Q16558,[38]
Q8CAE3,[38]
Q9Y691,[38]
Q9NPA1,[38]
Q86W47,[38]
Q9JIN6,[38]
Q14003,[38]
Q9JIF3,[249, 269]
Q3UDF0,[]
Q9NRM0,[116, 276]
P63161,[38]
P48050,[38]
Q9UL51,[5, 38]
Q9JKA9,[5, 38]
Q9P1Z3,[5, 38]
Q9JKA7,[5, 38]
P43581,[116]
Q8Y8Q5,[199]
P39760,[]
W6KHH6,[]
P22905,[70]
P04129,[70]
Q50919,[70]
P9WJY3,[]
P53390,[20]
Q9CXJ4,[]
P60686,[38, 116]
Q9SYM1,[]
O15439,[13, 14, 41, 192, 276]
O15440,[14]
Q96252,[116]
P31801,[5, 38, 116]
P15381,[199]
Q04440,[116]
Q9XEA1,[]
P12075,[116]
P19145,[0, 25, 235]
Q75NA5,[247]
O14764,[247]
P50573,[247]
Q9RR45,[]
Q6F754,[]
P25346,[225]
Q9ZAA6,[]
P16305,[247]
P30191,[247]
Q08832,[247]
Q941R4,[24, 183]
A2YGP9,[]
Q0D9S3,[]
P32467,[116]
Q6U607,[]
P16431,[]
P70227,[199]
Q8NCM2,[38]
P97414,[38]
P70057,[38]
Q7Z418,[38]
Q9NR82,[38]
Q9Z0N7,[38]
Q9S6Z8,[38]
P0A057,[38]
Q63016,[62]
O87952,[]
Q6ZSA7,[38]
V6F510,[]
V6F235,[]
Q3U481,[]
Q9DC37,[]
P41948,[20]
P0DPR9,[]
O15403,[]
P57787,[]
P9WJU7,[]
Q56724,[5]
P76264,[]
P00397,[116]
P77239,[]
P0ABI8,[116]
O07025,[116]
P23876,[]
P25123,[247]
Q9RR44,[]
Q06700,[]
P08220,[247]
P47870,[247]
P44795,[]
P06775,[]
Q46507,[]
Q21121,[199]
Q08BI9,[199]
Q54LT0,[199]
Q8IQ70,[199]
Q8CVI4,[160]
P23702,[]
P69212,[220]
P52477,[]
Q9B6E8,[]
O95563,[]
P53311,[]
Q3ZCG2,[]
P12234,[]
Q9ZNG6,[116]
A0R200,[116]
P72245,[116]
Q9T6H8,[]
Q9WZ31,[]
P63041,[]
P68530,[116]
Q9P7F9,[]
P08050,[14]
P12074,[116]
P13182,[116]
P56392,[116]
Q9UKL4,[]
P11951,[116]
Q8N144,[]
Q8BY89,[]
Q5T442,[]
Q8BQU6,[]
F4JIN3,[]
P23847,[]
P18506,[247]
P18507,[247]
P38125,[]
O61715,[]
Q9XYN0,[]
P11881,[199]
Q9V9N1,[]
P06756,[199]
Q9NZI2,[38]
O70451,[]
Q9NS40,[38]
P48051,[38]
P48544,[38]
Q9ES08,[38]
P70606,[38]
O88943,[38]
P97557,[38]
Q01650,[62]
O75387,[]
Q9M9E1,[]
Q9FLT5,[]
Q9LVM1,[]
Q3V132,[94, 224]
Q9N1R6,[156]
Q8VYR7,[85]
P0DMX2,[]
Q99246,[199]
Q5BEJ9,[]
Q769E5,[116, 199]
P31224,[]
Q8NQC8,[]
P45963,[]
P0AAW9,[]
P43548,[]
P38090,[]
Q9BYT9,[247]
Q5XXA6,[149, 247]
Q9QX15,[247]
P0CD90,[246]
Q8W4K3,[]
Q00975,[199]
A7GBG3,[]
P42061,[]
S0DPY2,[]
P05626,[116]
C0HK51,[116]
Q8DLP6,[116]
C0HK54,[116]
O05333,[116]
P00830,[116]
P50008,[116]
Q9MYT8,[116]
Q08280,[]
Q75XW3,[116, 199]
P07293,[199]
P19517,[199]
Q9JIS7,[199]
P26949,[]
Q9Y698,[199]
Q561R8,[]
Q86XJ0,[]
P0ABL8,[]
P29973,[]
Q8MJD7,[]
Q5M244,[48]
Q9WY65,[48]
P70972,[]
A2RI03,[]
Q035B4,[]
Q03ZL4,[]
Q03PY7,[]
Q5M245,[48]
Q9X2I1,[48]
O57321,[5]
Q10901,[5]
P0CW81,[]
P0CW83,[]
P43003,[5]
P56564,[5]
P24942,[5]
P43004,[5]
P43006,[5]
P31596,[5]
Q21353,[5]
P92939,[199]
O23087,[199]
P43005,[5, 11, 247]
Q9SY55,[58, 199]
P51906,[5, 11, 247]
P31597,[5, 247]
P51907,[5, 11, 247]
O35544,[5]
O35921,[5]
Q9LVD9,[]
Q9SFB0,[]
O49660,[]
K0E4D9,[]
P00588,[]
A2RI01,[]
Q5M243,[48]
Q9X1Z1,[48]
P47144,[]
F4KD71,[]
Q7XBS0,[]
P33413,[220]
A2RI02,[]
Q9QYB1,[247]
P92942,[116, 161, 247]
Q96S66,[247]
Q96282,[247]
P92943,[247]
P51788,[247]
P35524,[247]
Q58439,[]
O70496,[247]
P06030,[116]
Q96KJ9,[116]
Q91W29,[116]
Q7S5M7,[116]
P07255,[116]
P00414,[116]
P20610,[116]
P9WP93,[134]
Q5ZWR1,[243]
P18946,[116]
P09482,[108]
P49582,[108]
P04756,[108]
P40416,[]
P11230,[108]
Q9SZR1,[199]
Q7X8B5,[199]
Q9P5N0,[232]
O95477,[]
P41234,[]
Q9ESR9,[]
E9Q876,[]
Q2KBP7,[167]
D5ARG8,[167]
Q39134,[]
Q5SSE9,[]
Q2M3G0,[]
Q21973,[247]
Q9NP58,[232]
Q6QNY0,[]
Q9DC29,[232]
O75027,[201]
P96712,[]
O06967,[]
Q9NRK6,[]
Q9NP78,[258]
Q9QY30,[13]
Q09428,[38]
O60706,[38]
Q18812,[247]
P33897,[22]
Q9UBJ2,[]
O14678,[134]
G0LFX8,[]
Q5V0R5,[]
Q5V5V3,[]
Q99PE8,[]
P81549,[]
Q794F9,[62]
P32839,[]
Q9ZR72,[]
Q94FB9,[22]
Q9CAF5,[]
Q9LK62,[]
P24181,[]
Q9M0G9,[]
Q84TH5,[]
Q8RY46,[]
Q7DM58,[]
Q15758,[265]
P51912,[]
P26218,[]
P0DMX4,[]
P23348,[]
P53838,[85]
P31440,[56]
Q53S99,[]
Q5R231,[]
Q86FQ0,[]
P64550,[116]
P9WEU4,[]
J9VPA2,[]
P03086,[]
Q8R0S4,[199]
O49447,[94, 224]
P25376,[25, 235]
P24180,[]
P18238,[94, 224]
P55064,[246]
Q9WTY4,[246]
Q8CFW1,[247]
Q8CFG5,[199]
Q6TEQ7,[199]
Q9KK91,[]
P11667,[]
O00189,[]
P13569,[247]
P54144,[20]
Q9ZPJ8,[20]
Q9SQH9,[20]
Q9SF09,[]
Q37050,[116]
P54537,[]
P16671,[63]
P05025,[5, 38]
P04074,[5, 38]
Q9WV27,[5, 38]
P14094,[5, 38]
P83483,[116]
P83484,[116]
Q9C5A9,[116]
P50001,[116]
Q6CFH9,[116]
P37811,[116]
A0R1Z9,[116]
P09457,[116]
A0R202,[116]
P37812,[116]
O05330,[116]
A1B8N8,[116]
Q05373,[116]
Q2RFX9,[116]
Q95QW4,[77]
P0AAF6,[]
D9IA43,[116]
Q55460,[]
Q55107,[161]
Q55108,[161]
Q9NRU3,[]
Q0GA42,[]
Q9H8M5,[]
Q3TWN3,[]
Q8NE01,[]
Q32NY4,[]
Q6P4Q7,[5]
Q69ZF7,[5]
P0C588,[5]
Q93VD3,[38]
P17315,[]
G7IBJ4,[38, 199]
G7JND3,[38, 199]
A0A072VMJ3,[38]
Q9HGQ3,[77]
A0A1U8QTJ9,[]
P35522,[247]
P21564,[247]
O14493,[247]
O35054,[247]
Q6Q473,[247]
Q9GYF0,[]
O22920,[38, 116]
Q9SUQ7,[116]
Q8VYD4,[116]
P94363,[98, 116]
P54281,[247]
Q2TU62,[247]
A8K7I4,[247]
Q9D7Z6,[247]
Q9UQC9,[247]
Q9Y6N3,[199, 247]
Q14CN2,[247]
P92941,[116, 161, 247]
P37019,[116, 247]
Q9BMK9,[247]
Q18593,[199]
Q8ZRP8,[116, 247]
O00299,[247]
Q9Z1Q5,[247]
Q3Z5K2,[247]
Q6MG61,[247]
O15247,[247]
O95833,[247]
P21554,[199]
Q9D7P7,[247]
Q9Y696,[247]
P47746,[199]
Q9NZA1,[247]
Q8BXK9,[247]
P17614,[116]
P0A307,[116]
P81663,[116]
P80083,[116]
P85088,[116]
Q96251,[116]
P9WPV1,[116]
Q64430,[120, 243]
P19366,[116]
P80286,[116]
Q12233,[116]
P50005,[116]
P29709,[116]
P0ABA4,[116]
Q2RFX3,[116]
A0R201,[116]
C0HK53,[116]
C0HK59,[116]
O78750,[116]
Q9N623,[]
P82543,[116]
P00158,[116]
P05038,[116]
P05632,[116]
P0AAG0,[]
Q9KI10,[5, 116]
Q9H936,[116]
Q9D6M3,[]
Q9H1K4,[116]
Q9DB41,[]
Q9SX28,[199]
P38301,[199]
O69279,[]
P69937,[116]
Q84L08,[24]
P37020,[116, 247]
Q46839,[116]
P38988,[]
O07563,[]
A0A0H2VG78,[]
Q97UY8,[207]
Q7NDN8,[5, 38]
Q9P3U6,[116]
O74969,[116]
P78831,[116]
O74849,[116]
Q9P3U7,[116]
P0AF52,[]
Q46817,[]
P21906,[]
P22094,[]
Q9HXC4,[]
P28472,[247]
P63080,[247]
P63079,[247]
Q9Y048,[]
P18508,[247]
Q9C994,[]
Q8X9D3,[116]
F4JTB3,[]
P26152,[108]
Q9PTS8,[108, 199]
P40074,[102, 265]
P13587,[5, 38, 199]
Q01896,[5, 38, 199]
Q12691,[5, 199]
Q12067,[77]
P13607,[5, 38]
P32907,[20]
Q12359,[20]
Q59998,[77, 262]
P02714,[108]
O22218,[199]
O76090,[247]
Q9LF79,[199]
Q8K442,[]
Q8K440,[]
Q4X006,[]
Q9BZC7,[]
Q8R420,[]
F1MWM0,[]
Q8WZ55,[247]
Q8K448,[]
Q8IUA7,[]
Q42400,[25, 265]
H2LNR5,[201]
B8K1W2,[13]
O70127,[13]
P28288,[]
Q9HQ18,[134]
Q48315,[]
B0R2U4,[]
Q9H221,[]
Q9SWS1,[]
Q9GZZ6,[108, 199]
P10852,[62]
Q42093,[104]
O81016,[]
Q9C8K2,[]
Q9LFH0,[]
Q9LZJ5,[]
Q9LK64,[192]
P30145,[5]
Q9QXA6,[156]
Q07812,[]
Q07813,[]
Q08269,[]
P58691,[]
Q5I4B8,[]
P07845,[]
Q9U6X1,[]
P17516,[]
Q24270,[199]
P27732,[199]
P54287,[199]
O00305,[199]
Q9NY47,[199]
G5CTG1,[]
O94778,[246]
Q75V66,[247]
Q7Z3S7,[199]
P56403,[55, 99, 246]
Q60366,[20]
P63665,[116]
Q4WWW3,[]
Q0ZS24,[116]
P19156,[38, 116]
P29419,[116]
Q8VHW8,[199]
O94886,[]
P00406,[116]
P16221,[116]
Q9FWR4,[]
A0Q1J7,[]
Q035X6,[]
Q03ZT0,[]
Q9FMF7,[]
Q4WFQ4,[]
O81108,[199]
P04757,[108]
P30532,[108]
P81662,[]
P61915,[]
Q8GXE6,[38]
Q09073,[94, 116, 224]
B0R9X2,[]
A2AHL1,[247]
Q9Z1L5,[199]
O28846,[]
P54282,[199]
Q9HCJ1,[]
P26458,[]
P17153,[199]
O76027,[199]
P59632,[]
P0DTC3,[]
P69681,[20]
D3K0R6,[199]
P23634,[199]
P13586,[58, 199]
P54535,[]
P15993,[102, 235]
Q7T1N4,[5]
Q1XA76,[5]
Q925H0,[5]
O35240,[5, 131]
D2WKD8,[5, 38]
Q64541,[5, 38]
Q13733,[5, 38]
A0A2U8U2K9,[]
P39660,[]
P38482,[116]
P08082,[]
P00854,[116]
P0A2Z3,[116]
Q7CRB1,[116]
C0HK57,[116]
Q2TXA7,[]
Q8KRV2,[116]
Q4WDD4,[]
Q55CS9,[116]
Q2RFX7,[116]
P9WPV3,[116]
P50009,[116]
P9WPU5,[116]
A0A1L1QK34,[116]
P56480,[116]
P35435,[116]
Q5UXM9,[]
B5D5N9,[]
Q9USV7,[]
P04839,[]
Q61093,[]
Q9US09,[]
Q91ZR5,[199]
Q93034,[199]
P23562,[247]
O08532,[199]
Q9HA72,[]
P13073,[116]
P13183,[116]
P10606,[116]
P20609,[116]
Q5SJ80,[116]
P98052,[116]
Q03438,[116]
Q8ZR95,[120, 243]
P16676,[100, 135]
P38865,[]
Q8WY07,[]
P23242,[14]
P28231,[]
Q9NTQ9,[]
Q02738,[]
O95377,[]
Q8VII6,[]
Q9I9B9,[]
Q9CX92,[]
P28229,[]
Q05202,[]
Q9N1F2,[]
Q9Y5Y0,[]
Q9UPI3,[]
Q91X85,[]
P0AFR2,[135]
P57757,[116, 156]
Q04895,[116]
P15365,[32]
Q61290,[199]
O88427,[5, 199]
A0MFS9,[247]
Q05595,[]
P00426,[116]
P05425,[243]
Q5M848,[199]
Q35128,[116]
P00157,[116]
C8V329,[]
Q9LXV3,[]
Q41364,[]
P77304,[116]
P22723,[247]
P08194,[]
Q7XP59,[]
Q4WUS1,[]
P48181,[108]
P09688,[]
P12390,[108]
P0ABB8,[112]
P36640,[112]
Q04844,[108]
Q5UXY6,[]
Q4WDV4,[]
P69052,[]
Q64343,[217]
Q99P81,[48, 276]
P04920,[]
Q9GKY1,[]
P82252,[156]
P31466,[56, 116]
P75712,[]
P38971,[]
D3FSJ3,[116]
O31762,[]
C5NSL2,[]
P0DMX3,[]
P9WEU3,[]
P54286,[199]
A6TP80,[]
Q93149,[108]
G2QNH0,[94, 224]
O04619,[]
P32007,[94, 224]
P25613,[20]
Q9R100,[]
P0AAE5,[]
G5CTG7,[]
Q8NBQ7,[99, 246]
Q96PS8,[99, 246]
P34080,[246]
P60844,[246]
P08133,[199]
Q07429,[20]
Q3YL97,[]
Q47377,[]
P22700,[199]
Q9X5X3,[120]
Q9X5V3,[120]
O75746,[]
Q8BH59,[]
Q708S7,[5]
Q00195,[38]
Q9R0W5,[5, 116]
P05026,[5, 38]
P07340,[5, 38]
Q9EPT8,[247]
Q9SSS9,[116]
Q0SYU2,[116]
Q04656,[120, 243]
P51795,[116, 247]
Q0ZS23,[116]
Q64446,[120, 243]
P51797,[247]
P48047,[116]
P00833,[116]
P05022,[116]
P37809,[116]
O78751,[116]
Q5KUJ3,[116]
Q9XXK1,[116]
P99109,[116]
Q6C877,[116]
P56385,[116]
D3ZNF5,[]
Q8WXA8,[108]
O95264,[108]
P46098,[108]
A2RNI5,[]
A2RNI1,[]
P9WIU5,[]
P29972,[17, 20, 38, 69, 246]
Q8BH79,[247]
Q06647,[116]
Q50327,[116]
A1B8N7,[116]
P07678,[116]
P05631,[116]
Q03265,[116]
A1B8N9,[116]
P05036,[116]
P49375,[116]
P00395,[116]
P9WP95,[134]
P05418,[116]
Q79VE0,[]
Q93AK1,[]
Q1K8U2,[116]
P27303,[]
P0AEJ0,[]
P31442,[]
P23895,[]
P9WPU1,[120, 243]
P9WPT5,[58, 120]
A0R3Y2,[199]
P39595,[71]
Q8XAS8,[]
Q8FJ36,[]
A0A4P8GFD0,[]
A0A4P8GG95,[]
Q9D0M3,[116]
J9VX37,[]
Q06686,[]
O94722,[]
O95452,[]
P43023,[116]
P14854,[116]
P24310,[116]
Q6X893,[]
Q921C1,[]
Q53GD3,[7]
Q91VA1,[7]
Q8VXY7,[]
P53121,[47]
Q9HU16,[]
P0AEF8,[]
P31125,[]
P75742,[116]
Q9UN88,[247]
P09481,[108]
P09483,[108]
Q9Z6M8,[]
Q9SGY1,[]
Q8RXN0,[]
Q9LJX0,[]
Q8GZ52,[]
Q7PC88,[]
Q9XIE2,[]
Q8LPT1,[]
Q9M3B9,[]
Q9FUT3,[]
O80725,[]
Q0WML0,[]
Q9LZB8,[]
Q8K4V2,[5, 150]
D3FSJ2,[]
Q9CA93,[]
Q73E41,[199]
Q38998,[38]
Q945S5,[116, 199]
Q9MZL7,[199]
P0AE06,[]
P12235,[56, 94, 116, 224]
Q9NW15,[247]
Q9NQ90,[247]
Q9HCE9,[247]
Q6IWH7,[247]
Q9WTY0,[161, 246]
Q9M6N7,[20]
Q2EN81,[116]
A1B8P1,[116]
Q8RGD7,[116]
Q8KRV3,[116]
P92549,[116]
P54289,[199]
P50077,[199]
P26829,[]
Q5T5A4,[]
P16573,[]
Q9LEQ3,[199]
Q03041,[]
Q28181,[]
Q8W488,[]
P0A6J3,[116, 135]
P53918,[]
Q94KE0,[]
