P61829,[196]
P10417,[]
Q9V9Y4,[67]
Q9LT02,[]
P33302,[]
Q9P0L9,[153, 228, 275]
A2A259,[153, 228, 275]
Q9S7Z3,[225, 234]
Q8TDX9,[153]
Q8R526,[153]
Q7Z442,[153]
Q7Z443,[153]
Q2EG98,[153]
O91464,[]
P12915,[]
Q96662,[]
P19711,[]
Q01499,[]
O43678,[]
O00483,[]
Q9QF31,[]
Q16718,[]
Q8BU91,[67, 92, 100]
P41440,[145, 167, 198, 215]
P08104,[275]
Q9FG00,[196, 224, 230, 242, 244]
Q72E03,[196]
P37814,[196]
P29710,[196]
Q37695,[196]
Q8RGE1,[196]
Q05374,[196]
Q8QFV0,[228]
Q8LIN5,[228]
Q8BSM7,[]
P97521,[]
Q96ES6,[196]
Q03216,[196]
P51533,[]
P40550,[]
Q02785,[]
Q04182,[]
P53756,[]
Q949G3,[]
P69434,[11]
P91679,[]
P75028,[196]
Q17758,[]
O01840,[196]
Q9P6J2,[229]
O74208,[]
E7FKV8,[153]
O70579,[32, 195, 274, 318]
P77439,[]
A2RIE6,[]
O83324,[]
Q7A4P8,[]
P27799,[275, 312]
Q71MB6,[]
Q9S3J9,[]
Q9ZVK6,[196, 242]
P9WQI3,[]
G5EF60,[153]
O04249,[]
Q03412,[]
P38358,[]
Q60186,[196]
P15313,[196]
Q91YH6,[196]
P21281,[196]
Q99385,[153, 196, 228]
Q9SRH5,[]
P45879,[]
P21796,[]
Q60932,[]
Q6K548,[]
Q9Z2L0,[153]
P42055,[]
Q9HNE4,[196]
P04840,[]
Q48333,[196]
Q9FJX3,[]
A8AAA9,[196]
P45880,[]
P82013,[]
P86223,[]
Q60187,[196]
Q60930,[]
P81155,[]
P42056,[]
P81004,[]
P40478,[]
Q9SMX3,[]
P31411,[196]
Q9Y277,[]
Q60931,[]
Q9R1Z0,[]
Q9FKM2,[]
P83781,[]
Q56404,[196]
Q01501,[]
P82945,[]
Q94920,[]
P16140,[196]
P21282,[196]
P42054,[]
P21283,[196]
Q9Z1G3,[196]
Q5FVI6,[196]
Q8NEY4,[196]
Q99L60,[196]
Q9SDS7,[196]
Q9XXU9,[196]
Q9LJI5,[196]
P61420,[196]
Q95X44,[196]
P74901,[196]
Q6PGV1,[196]
O64503,[321]
Q9SCB9,[196]
P61421,[196]
P51863,[196]
Q9M9S6,[321]
Q9HDW6,[196]
P74902,[196]
Q8N8Y2,[196]
Q94B65,[321]
P31412,[196]
Q9XGM1,[196]
P39942,[]
P54641,[196]
Q72CX3,[138]
Q9FYE5,[]
Q86A77,[196]
Q57673,[196]
Q60185,[196]
Q9Y5K8,[196]
P57746,[196]
O59823,[196]
P62017,[196]
O87880,[196]
P32610,[196]
Q39258,[196]
P11019,[196]
P36543,[196]
P50518,[196]
Q6PCU2,[196]
O57724,[196]
Q96A05,[196]
Q9D593,[196]
P22203,[196]
Q24583,[196]
O29102,[196]
F4IHS9,[114]
Q28029,[196]
Q8GUJ1,[114]
O00780,[196]
Q8RXL8,[114]
P54611,[196]
Q16864,[196]
Q9D1K2,[196]
Q8U4A7,[196]
P50408,[196]
P74903,[196]
P39111,[196]
O82628,[196]
P79251,[196]
O75348,[196]
Q9CR51,[196]
O82629,[]
Q0VCV6,[196]
O95670,[]
Q9WTT4,[196]
Q96LB4,[196]
Q8BMC1,[196]
Q54Z13,[]
Q9XZH6,[]
P48836,[196]
Q9LX65,[196]
O46563,[196]
Q8MML6,[196]
Q9UI12,[196]
Q8BVE3,[196]
P41807,[196]
P25515,[196]
P32842,[196]
P0DH93,[196]
P59229,[196]
P23956,[196]
Q08201,[]
F2SQT8,[]
Q830V1,[]
P54571,[196, 275]
Q9FMU6,[]
P28238,[254]
Q96ER9,[228]
Q6UR05,[140]
Q8HXQ5,[140, 210]
A0QPU4,[]
Q9RGZ1,[]
O05259,[]
O05229,[196, 228, 275]
Q8IIG4,[]
P43455,[196]
P03889,[]
P80262,[]
E1ACQ6,[]
L7WU90,[]
P49282,[12, 196, 229, 233]
Q9FGS5,[263]
Q21434,[]
P73452,[]
P33535,[153]
P80442,[]
Q8YG56,[]
A0A160PAH3,[]
P13415,[]
P24305,[]
Q9S3R9,[]
P80453,[]
P33599,[]
P0AFC3,[]
P60570,[153]
A2RIQ0,[]
Q94526,[228]
Q10177,[]
Q9PT60,[140]
Q15311,[140]
Q62796,[140]
Q14644,[153]
P02752,[204]
P86009,[204]
Q60790,[153]
Q9QYJ2,[153]
P03300,[]
P0A2V9,[146]
Q9H310,[305]
P02753,[296]
Q9X1G6,[204]
O35956,[]
Q761V0,[94, 275]
Q9GTN7,[]
P42954,[162]
Q7A713,[162]
Q9M024,[]
Q9BXJ8,[]
Q8C1E7,[]
P16036,[196, 205]
Q797E3,[]
O74839,[153]
Q8R4P9,[140]
Q8VI47,[140]
O95255,[140]
O05260,[]
Q9RGZ2,[]
P68805,[]
Q95KV7,[]
O95178,[]
Q561S0,[]
P24918,[]
Q85XC3,[]
Q8NFF2,[153, 228, 275]
P56632,[]
Q56218,[]
P03887,[]
Q41870,[]
P08722,[]
Q02094,[194, 305]
Q8R1S9,[]
Q8K2P7,[275]
Q9NVC3,[52, 134, 157]
Q99624,[157]
Q9DCP2,[157]
Q9NP94,[304]
E9Q401,[153]
P11716,[153]
Q5U1X7,[304]
F1LMY4,[153]
P0A1B9,[241]
A0A0G2KTI4,[67, 228, 275, 305]
P97952,[275]
Q67BT3,[275]
Q62273,[67, 92, 100]
C0QZS7,[241]
Q8VBW1,[124, 275]
Q9Y289,[89, 143, 275]
P23173,[]
P37091,[275]
Q8K078,[]
Q5ZK43,[228]
Q9H9B4,[52, 137]
P10870,[196]
G5EBN9,[275, 312]
Q8TD22,[]
Q6P4A7,[]
Q9VWG0,[]
P19934,[]
Q9UM00,[153]
Q921L3,[153]
Q6UWJ1,[196]
P53099,[82]
Q07824,[147, 243]
A0A0U1QT59,[]
P53283,[243]
P25818,[254]
Q06451,[243]
Q12256,[147, 243]
P36029,[]
Q41963,[254]
O82598,[254]
Q9FY14,[]
Q41951,[254]
Q41975,[254]
Q9FGL2,[254]
A7T1N0,[153, 275]
P23958,[]
P49755,[]
O35587,[]
Q9D1D4,[]
Q28735,[]
Q63584,[]
A2RVP7,[]
Q94EH2,[]
Q38820,[]
Q5SRD1,[]
Q5XF06,[]
Q9SHU7,[]
A5A627,[]
Q7Y1W1,[]
Q07798,[]
Q9WMX2,[]
P49303,[]
P9WG05,[]
Q5M614,[204]
Q03WN0,[204]
P75892,[17, 186, 308]
Q27433,[275]
P9WJK3,[317]
P13423,[]
Q9Y619,[]
P34712,[]
Q0P9C4,[]
Q8BUX5,[305]
P07038,[196]
P19657,[196]
P33478,[]
Q08436,[196]
Q2YHF0,[]
Q38954,[]
Q8CD54,[]
Q8NBW4,[134]
E9PT23,[]
Q9TS33,[153]
Q99S97,[]
Q9JHI9,[229]
Q8K0H1,[]
Q96H72,[304]
Q8RK01,[241]
Q9BV35,[]
Q9Y666,[67, 228, 305]
Q4FZU9,[204]
Q99SX1,[]
P52870,[]
Q9JMA9,[]
A0A086F3E3,[228]
P33085,[]
A0LNN5,[]
Q15388,[]
Q9BVC6,[]
Q3UBX0,[]
Q9DCC8,[]
O77751,[]
Q62760,[]
Q9NS69,[]
Q9CPQ3,[]
Q75Q41,[]
Q9QYA2,[]
P24391,[]
Q75Q40,[]
P50600,[]
P75853,[]
Q9C8X2,[89, 196, 242]
Q5W7C1,[321]
Q9ERZ8,[153]
Q9NQA5,[153]
P69744,[153]
F1RAX4,[296]
P38353,[]
Q9UHE8,[]
P0AAH0,[146]
Q9LFX9,[263]
P51991,[]
Q6URK4,[]
A2AGL3,[153]
Q6U841,[14, 275]
Q5DTL9,[14, 275]
Q8BHK2,[275]
Q91W98,[196, 214]
Q9JK00,[275]
O09014,[196, 214]
Q86WA9,[92]
Q28371,[275]
A6NIM6,[]
P45380,[67, 92, 100]
P35499,[275]
Q9NRA2,[51, 196]
P0AAD6,[]
Q8BN82,[]
Q9ER60,[275]
Q9BXS9,[67, 92, 100, 193]
O60779,[]
Q9EQN9,[]
Q8CIW6,[67, 92, 100, 193]
Q9BZV2,[]
Q8WUM9,[275]
Q91VE0,[48]
Q61609,[275]
Q9JJP0,[275]
Q9Y2P5,[]
Q8MK48,[]
P23975,[66, 67, 275, 281]
Q9Y345,[94, 275]
P58295,[94, 275]
Q9H2J7,[179, 275]
Q8BHK3,[123, 196]
P9WGN3,[]
G3UVW3,[]
P03878,[196]
E9PZQ0,[153]
E9RGS3,[]
P40290,[196, 241]
Q9NP59,[229]
A2ASZ8,[]
Q13621,[67, 228, 275]
Q9WVL3,[67, 228, 305]
Q99250,[275]
Q86YT5,[275]
O14975,[]
Q16348,[196, 214]
O35488,[]
Q5SIW3,[241]
Q78KK3,[]
Q8R0S9,[]
Q60850,[]
P78383,[321]
P35179,[]
P28572,[275]
Q695T7,[]
P31647,[275, 312]
Q9D687,[]
Q96BD0,[]
P32897,[]
E4TN31,[228]
Q9H6F2,[228]
Q3TMP8,[228]
A5A6S6,[228]
Q9NVV0,[228]
Q9DAV9,[228]
Q8TEL6,[153]
Q969M1,[]
Q9CZR3,[]
A4F267,[]
Q99JR1,[52, 137]
P54715,[]
Q8IVM8,[]
Q8BG16,[179, 275]
Q9Y6M7,[14, 275]
Q6RI88,[14, 275]
Q6GQS1,[]
Q6UXD7,[]
Q863Y8,[204]
Q8BVN7,[]
Q56A07,[275]
Q70HW3,[62]
P46059,[196, 214]
Q86VD7,[195]
P21825,[]
Q8VCL5,[]
Q9WVC8,[67, 92, 100]
Q9UGP8,[]
O08966,[66, 67, 275, 281]
O77504,[]
Q9HAS3,[88, 275]
Q9R0W2,[]
O76082,[]
Q9Z0E8,[]
P9WGP5,[241]
Q8CFZ5,[128]
Q5RLM2,[]
Q9R0M8,[]
Q8TB61,[192]
Q91ZN5,[192]
Q921R7,[]
Q9VEI3,[192]
A1A4F0,[]
P38377,[]
Q9ET37,[196, 275]
Q9NSD5,[275, 312]
Q9WTQ8,[]
P31122,[]
P0DOE5,[]
Q91V61,[]
Q925N0,[]
Q03720,[228]
P22215,[]
Q39002,[9, 75]
P19568,[9, 75]
Q96NB2,[]
Q925N2,[]
P23644,[]
P75851,[]
Q99VG8,[279]
Q6J8I9,[254]
O35245,[153, 228, 275]
Q5UB51,[]
Q8VZ80,[196]
O92972,[]
P49769,[153]
Q7TNK7,[305]
P16336,[]
Q4V887,[304]
P30957,[153]
Q96JW4,[]
O23342,[]
Q57817,[]
Q52371,[241]
Q9XSZ4,[14, 275]
G4SDH4,[204]
Q8TZK2,[]
Q9BZW2,[92, 275]
Q6KCM7,[]
P35498,[275]
P04774,[275]
Q5HZI9,[32]
Q8BPX9,[]
P14906,[]
Q8IWT1,[275]
Q62866,[145, 167, 198, 215]
Q9SYI0,[]
P0A5Y9,[241]
P71533,[241]
Q9X1R4,[241]
P60467,[]
P60058,[]
P97858,[321]
Q8IXU6,[]
Q8BGF9,[]
O94607,[]
O75762,[153, 308]
Q8BLA8,[153, 308]
Q03770,[]
P32676,[]
P0AG34,[46, 115]
P0AG38,[46]
P24775,[296]
P76470,[]
Q8CF94,[305]
Q99808,[195]
Q8K415,[123, 196]
Q8CFE6,[52, 275]
Q5FVQ0,[196, 247, 304]
Q8W4E7,[]
B0LPN4,[153]
Q80ZA5,[14, 275]
O88343,[14, 275]
P9WGN9,[]
Q9NY46,[275]
Q8WWT9,[210, 275]
Q91Y63,[210, 275]
P54900,[275]
B0S6T2,[]
Q9H2B4,[67, 92, 100]
Q7M730,[275]
P61620,[153]
Q15526,[196]
Q9URY8,[92]
P11402,[196]
O14569,[]
Q03611,[228]
P51791,[67, 196]
Q64347,[67]
P35525,[67]
Q2FVE7,[]
P00422,[196]
P77279,[]
P46359,[]
Q47142,[196, 245]
O88705,[228, 275]
Q9Y3Q4,[228, 275]
O88704,[228, 275]
Q56992,[]
P94441,[]
P94442,[]
O75581,[]
O88572,[]
Q95Y52,[]
Q9CFU9,[153]
P39398,[]
P33231,[196]
P0AEY8,[196, 228, 275]
Q7ZV50,[]
Q9H0U3,[]
Q9CQY5,[]
P22292,[38, 92]
P90992,[38, 92]
Q02978,[38, 92, 164, 290]
Q9CR62,[38, 92]
P97700,[38, 92]
P05780,[196]
P03492,[196]
P06821,[196]
Q0HD59,[196]
Q3YPZ4,[196]
P0DOF5,[196]
P0DOF8,[196]
P53048,[117, 196, 224]
Q9SN86,[]
P35938,[196]
P09222,[196]
P03930,[196]
P00842,[196]
C0HK68,[196]
P07251,[196]
P80658,[196]
P29790,[196]
P0ABB0,[196]
Q8RGE0,[196]
P09626,[196, 228, 275]
P19483,[196]
Q8G0Y6,[]
Q9WZQ6,[89]
Q7KZN9,[196]
P00396,[196]
Q9U6B8,[153]
P29932,[43]
P38124,[]
P20672,[]
P24943,[]
P23415,[67]
P48813,[123]
P39835,[191]
P42262,[]
P19492,[]
Q13002,[228, 275]
Q2U5H8,[]
O35219,[228]
P63250,[228]
P63251,[228]
P36552,[228, 275]
P70174,[153]
P15321,[]
Q2I0M4,[228]
Q5VT99,[228]
P51773,[]
P38156,[117, 196]
Q9Q0L9,[196]
O70632,[196]
P0AEY0,[]
P0AEX9,[]
P58300,[]
P19576,[]
P71067,[196]
P02916,[224]
P68183,[224]
P68187,[224]
Q1R3Q1,[224]
P19566,[224]
Q9YGA6,[224]
Q9FLS8,[153, 195]
Q9FI43,[153, 195]
Q9LY28,[153, 195]
Q8TPA6,[153, 228, 275]
P9WJ83,[]
Q8NS49,[]
P59213,[56]
Q1M7A2,[]
P77329,[]
P19620,[153]
P54678,[153]
P22189,[153, 228]
P30859,[]
Q6NXK8,[275]
P50997,[228, 275]
P05023,[228, 275]
Q96FT7,[275]
P13637,[228, 275]
P31602,[]
Q55106,[263]
Q36258,[196]
P70705,[34, 280]
P03929,[196]
P63668,[196]
P80021,[196]
Q8RGE2,[196]
P22068,[196]
O75947,[196]
P08212,[196]
Q9Y2W7,[228]
P24959,[196]
Q02761,[196]
O07605,[]
P0AC94,[191, 196]
Q9SCK3,[]
P40886,[196]
Q14573,[153]
P30605,[196, 251]
Q14643,[153]
Q03064,[]
Q63344,[]
Q14654,[228]
Q61743,[228]
O70324,[]
Q8K1P8,[]
Q7RTY1,[]
P9WQL3,[45]
P9WGF1,[]
P35724,[]
O70596,[228]
Q99712,[228]
O60928,[228]
Q9UNX9,[228]
Q9RTP8,[]
P0A769,[196]
Q09470,[228]
P63141,[228]
P16389,[228]
P63142,[228]
P15384,[228]
P92960,[228]
P43681,[308]
Q15822,[308]
P22770,[308]
P54131,[308]
Q9UGM1,[153, 308]
P09484,[308]
P12392,[308]
P30926,[308]
P02712,[308]
P36062,[142, 200]
P50944,[142, 200]
Q07001,[308]
P40501,[52, 142]
Q61285,[]
O89016,[43]
Q9QY44,[]
Q5V1N0,[]
Q9UNQ0,[89, 128, 204]
P45844,[99]
Q80W57,[89, 128, 204]
P96787,[]
Q18DH5,[]
Q57101,[]
Q8L856,[]
P08195,[134, 153, 275]
Q9JJ16,[308]
A5X5Y0,[308]
P13808,[67]
Q9SJE9,[]
Q63690,[]
P50080,[]
P43553,[]
Q5I2B1,[]
P30834,[]
P32705,[190, 238]
P31167,[9, 75]
P60066,[]
P40941,[9, 75]
P60061,[168, 267]
P05141,[9, 75, 112, 196]
Q09188,[9, 75]
P12236,[9, 75]
P25371,[]
A6NM10,[]
P47865,[126, 194, 228, 254, 305]
P56402,[254]
P55088,[254]
Q9C4Z5,[]
P86044,[67]
Q92R43,[]
G5CTG6,[]
P0CD91,[254]
P43549,[136, 254]
Q9ASS7,[]
P07356,[153]
P04272,[153]
P0AE30,[]
P07677,[196]
P72248,[196]
C0HLQ4,[196]
P32465,[196]
Q12520,[321]
P54854,[196]
A0R6H8,[]
Q6ZSM3,[]
Q8BGC3,[]
Q9SL95,[]
P03959,[228]
Q9GQ00,[67]
O07535,[]
O60669,[96]
Q38849,[228]
Q61762,[228]
P17970,[228]
P17658,[228]
Q02280,[228]
G5EFC3,[228]
Q9Z0V1,[228]
Q5SVS4,[38, 92]
O95259,[228]
Q60603,[228]
Q63664,[228]
Q9H2S1,[228]
Q92806,[228]
P97438,[228]
Q6ZPR4,[228]
P0A712,[196, 285]
Q6PIU1,[228]
P72244,[196]
P85446,[196]
P29707,[196, 275]
P21904,[196]
O63075,[196]
P50992,[196, 228]
P26526,[196]
P81449,[196]
P02721,[196]
P97450,[196]
Q9CPQ8,[196]
Q03671,[196]
P9WPT1,[153]
P29610,[196]
P9WPS7,[304]
Q5V4H7,[]
P00125,[196]
P02945,[]
P63040,[]
P32798,[304]
P48167,[67]
Q64018,[67]
Q9C8E7,[153]
Q61627,[]
Q62640,[]
Q63273,[228, 275]
P41943,[]
P09986,[]
P46321,[]
P22731,[21, 200]
P0AEX7,[18, 21, 134, 200]
Q9CHL8,[]
Q7Y2C1,[]
P29994,[153]
P53985,[316]
Q09573,[67, 228]
P53987,[]
O07536,[196]
P9WKF3,[228]
Q9JJ69,[228]
Q9JM63,[228]
P52188,[228]
P96593,[]
P16388,[228]
P9WIZ5,[]
Q09081,[228]
P22739,[228]
P22459,[228]
P40309,[196, 228]
Q39128,[228]
P22460,[228]
Q61923,[228]
P15388,[228]
Q9Z0V2,[228]
P23299,[228]
O54853,[228]
P35561,[228]
Q9ER47,[228]
O95279,[228]
Q96T55,[228]
O95069,[228]
P58391,[228]
Q63511,[228]
P57789,[228]
Q6UVM3,[228]
Q7YQK4,[134]
P0CY47,[196]
P39276,[196, 214]
O44616,[]
Q9M5A9,[277]
P15030,[]
P23878,[59]
P0AEU3,[]
P52094,[]
P0A2I9,[]
P31474,[]
P48632,[]
A0A0S6XH62,[]
I1BRD6,[]
P40088,[229]
Q8PU61,[]
F1SVH9,[]
F1SVL2,[]
P49856,[]
P49857,[]
Q94A76,[228]
P39004,[196]
Q14571,[153]
Q7TMY7,[]
Q15842,[228]
Q9H252,[228]
O00180,[228, 275]
Q9Y2U2,[228]
P70604,[228]
O88944,[228]
O54982,[228]
Q934G3,[]
P0ABB4,[196]
P26533,[196]
Q53496,[]
O70578,[153]
P62957,[153]
P24311,[196]
P00410,[196]
Q9AEL8,[196]
P93285,[196]
P30130,[]
Q08991,[150]
I1S2J9,[]
P31381,[129]
Q8G846,[]
P57695,[67]
Q7TNC8,[67]
B1AS29,[228, 275]
P20058,[]
Q8PYZ8,[196]
P27716,[]
Q9VAS7,[]
Q8NX66,[]
G7CBF6,[]
P86889,[]
Q920B6,[228]
Q96KK3,[228]
Q9Z258,[228]
Q850M0,[228]
P98002,[196]
P00423,[196]
P00415,[196]
P0ABJ6,[196]
P23134,[196]
P29757,[196]
P26266,[]
P40988,[]
P0A2I7,[]
P07109,[]
P02915,[]
Q12029,[]
Q9F9B1,[]
A8MPR5,[]
F4KF14,[]
Q8PU58,[]
F1SVH7,[]
Q6MLJ0,[]
P50572,[67]
P47869,[67]
P34903,[67]
P31644,[67]
P18505,[67]
P14867,[67]
Q8GXJ4,[153]
P0AER8,[275]
P50828,[]
P02790,[]
O60741,[228, 275]
O88703,[228, 275]
P33950,[]
Q20106,[]
Q21642,[]
Q9X913,[196]
P32466,[196]
O01634,[]
P52505,[]
P23979,[308]
Q8BHY3,[67, 174]
P56401,[126, 194, 228, 254, 305]
Q13520,[254, 263]
Q6C9B1,[196]
O05432,[196]
P49377,[196]
D3Z291,[153]
P0DPK1,[]
Q5JW98,[]
V5IRD7,[196]
P98005,[196]
A0R3A7,[74, 141]
Q59NP1,[]
P07142,[196]
J9VLN4,[]
Q8BLQ7,[]
P29018,[]
P70689,[]
P43024,[196]
P02775,[]
O54851,[]
Q8WWI5,[]
P0A830,[164, 196]
P39719,[274]
Q7K4Y6,[67, 275, 281]
P0ABN5,[282, 291]
Q61603,[67]
P54862,[196]
P42833,[196]
Q38856,[304]
Q9VDH6,[]
A0R6H7,[]
P43406,[153]
P0AEX3,[]
P20674,[196]
P30000,[196]
Q59385,[34, 280]
P00401,[196]
P38054,[]
P0ABJ1,[196]
P38767,[]
P07821,[149]
P14142,[196]
P42263,[]
Q9Z2W9,[]
Q9Z2W8,[]
P39087,[228, 275]
P42260,[228, 275]
F1NHE9,[228]
P46408,[]
P43427,[]
Q9NY64,[133]
Q9JJZ1,[133]
Q6PXP3,[]
D7PI13,[]
P44809,[]
P09479,[308]
Q05941,[308]
P35563,[308]
Q6PHS9,[153]
A1A5B4,[67]
Q8C5H1,[67]
P0AAF3,[271]
Q23808,[]
P47818,[229]
P14668,[153]
P26362,[67]
P76474,[]
P38929,[153]
P06685,[228, 275]
Q8VDN2,[228, 275]
P30714,[228, 275]
O05434,[196]
B5FVB8,[196]
Q9Y8G1,[]
Q5ZLC5,[196]
A0R203,[196]
P29706,[196, 275]
P06576,[196]
P29708,[196]
O05332,[196]
P25705,[196]
P49950,[]
P72367,[196]
P08183,[]
A0A1J0M738,[]
Q8TDN2,[228]
Q8N370,[]
Q9FKS8,[]
P33311,[130]
Q2G2P5,[]
P0C071,[]
A0A095C325,[]
A0QP27,[]
O95169,[]
Q9ERS2,[]
P22142,[]
P03903,[]
O78757,[]
Q08636,[196, 275]
Q9TDR1,[]
P16262,[196]
P11240,[196]
P9WP67,[196]
P77211,[]
Q08967,[274]
P16869,[]
P77463,[]
P0AA78,[64]
Q91DM1,[]
P75780,[]
P23877,[]
Q8G845,[]
Q9ZAA7,[]
P26048,[67]
P20236,[67]
P28471,[67]
G5ECJ0,[]
P08219,[67]
P24944,[]
P10346,[]
P0CG08,[]
Q9S5X0,[196, 275]
P22317,[]
P22318,[]
P44600,[]
P75830,[]
Q9D2V8,[]
Q6NUT3,[]
Q12372,[113]
Q9I2S5,[196, 275]
P27724,[]
A0A1L8F5J9,[]
Q9D6J6,[]
Q9FJW4,[]
P43440,[67, 228]
P92558,[]
P03923,[]
Q7CQY4,[]
Q9N0Z6,[228, 275]
O66515,[305]
O14072,[153]
P73241,[34, 280]
Q36257,[196]
P50006,[196]
P00848,[196]
P22483,[196]
P10415,[]
P74072,[153, 196]
P04817,[]
O32219,[35, 86, 304]
P12787,[196]
Q5SJ79,[196]
P00156,[196]
P06972,[]
O07639,[317]
Q9VSL7,[304]
P25596,[196]
Q7A656,[]
D9N164,[228]
Q9Y0A1,[153]
P38250,[67]
P9WJ99,[]
Q6VV64,[228]
P52190,[228]
Q9UGI6,[228]
F1MYR9,[228]
A8MYU2,[228]
P23888,[]
O95202,[153, 196]
Q01097,[153]
O43920,[]
P03925,[]
P43457,[196]
Q91VR2,[196]
P72247,[196]
P12986,[196]
Q2LGZ2,[196]
O78749,[196]
P48168,[67]
P20781,[67]
Q9JKA8,[228, 275]
P38695,[196]
Q9TU34,[153]
Q8LW54,[]
Q9NS61,[228]
Q6PIL6,[228]
Q9JM59,[228]
P36021,[]
P10499,[228]
Q05037,[228]
Q14721,[228]
P17659,[228]
P25122,[228]
Q96PR1,[228]
Q99UZ7,[]
M9M5N8,[]
Q46203,[]
A0A0D1DYJ6,[]
Q62897,[228]
Q9UK17,[228]
Q64273,[228]
Q9NPC2,[228]
O15554,[228]
Q9BQ31,[228]
Q9JK45,[228]
Q99MZ8,[]
P76249,[134]
Q9LRB5,[]
Q8R4F0,[153]
P37169,[317]
Q2V8Y7,[153]
P80261,[]
P42026,[]
P19125,[]
Q9B6C7,[]
Q8CVW1,[]
Q4LDF9,[]
Q06593,[]
Q04884,[]
O05255,[]
Q8GNS3,[229]
Q9QVP9,[]
P24524,[67]
P22771,[67]
Q01812,[228, 275]
P0A008,[228]
P51787,[228]
Q9ZA21,[]
Q3AFC6,[196]
P39924,[196]
O81850,[304]
P02943,[56]
P50276,[169]
Q41760,[]
Q2FZP8,[]
P77257,[]
O01811,[275]
Q8NHS3,[]
Q641Y2,[]
Q8K3J1,[]
Q6AXS0,[153, 275]
Q91VD9,[]
Q08485,[129, 131]
P0DKG9,[263]
P0AAF1,[69, 159]
P19845,[]
B2SAB9,[]
P43838,[249]
P57041,[]
P24141,[]
Q9S3R8,[]
P06202,[]
P24017,[]
P06996,[]
P0C6Q6,[]
A0RZH5,[]
P46920,[]
Q9U539,[]
Q5AGW8,[196]
P48036,[153]
P06541,[196]
Q09544,[196]
P00856,[196]
P0ABA0,[196]
Q07405,[196]
P84582,[196]
O05442,[]
P42512,[]
O34814,[]
O05779,[]
O22993,[]
P52067,[]
F1SVL1,[]
O43681,[284]
P47742,[67]
P63138,[67]
P62813,[67]
Q812E9,[153]
P40107,[226]
Q6N075,[]
Q0GQS6,[]
O34978,[]
O14201,[]
P42360,[58]
Q9W0Y6,[153]
A0R3I3,[]
Q7WY60,[]
P23500,[229]
Q5XC60,[]
O75438,[]
Q03391,[153]
O15399,[153]
P86217,[]
P28331,[]
P15690,[]
Q66HF1,[]
P33590,[]
Q14916,[275]
Q04614,[]
P03899,[]
Q9WVD5,[]
P14824,[153]
P55926,[275]
P06687,[228, 275]
P55069,[]
P42308,[]
Q6PIE5,[228, 275]
P06686,[228, 275]
P06450,[196]
P99111,[196]
Q8HTL5,[196]
A0A1U8QKX8,[]
Q6C326,[196]
Q35914,[196]
Q8DLP3,[196]
Q9DCX2,[196]
P0C0X4,[]
Q9HQ19,[]
Q1EBV7,[]
P16283,[]
Q93Z13,[]
P02730,[67]
Q9Y6H8,[]
Q9TU17,[]
A0A2A5K485,[]
P28235,[]
P29033,[]
Q00977,[]
P0AAE0,[137, 166, 206]
O75712,[]
Q9URZ4,[]
P54288,[153]
P54283,[153]
P20021,[86]
Q05594,[]
O68104,[]
P31553,[76, 170]
Q8VHW3,[153]
B1INP5,[]
Q9Z0W7,[67]
P20272,[153]
Q8BHB9,[67]
Q811Q2,[67]
Q9WU61,[67]
P51801,[67]
Q9WUB6,[67]
Q8LBL1,[228]
O35173,[228]
Q6ZP29,[]
Q8N7C0,[228]
P75957,[]
Q8IZK6,[153]
Q8BL03,[41]
Q03829,[]
Q9HD23,[]
Q6G9L1,[]
P68806,[]
Q6C8S0,[196]
Q83AF7,[196]
P27112,[196, 228]
Q71RJ2,[153]
Q9UBN1,[153]
Q9BXT2,[153]
Q13936,[153]
P42974,[]
Q925P2,[]
Q03114,[153]
Q96F81,[]
Q00194,[]
Q9HVS1,[]
Q9JJZ8,[]
Q9JJZ9,[]
Q14028,[]
Q12289,[272, 294]
B0R6A8,[]
P22732,[]
Q9WV38,[]
Q944N8,[]
Q9M0Y2,[]
Q81XB1,[]
P26465,[196]
D6R8X8,[]
P16433,[]
Q19746,[]
Q8CGA3,[]
Q9WVR6,[134]
P80171,[]
P33591,[]
P24612,[275]
Q920G8,[229]
P10719,[196]
P69447,[196]
Q6CFT7,[196]
P31399,[196]
P28246,[]
Q80W99,[153]
Q7RTX7,[153]
Q8BVN3,[153]
P34271,[308]
Q6TYA9,[]
O57474,[]
Q8NBI2,[]
Q6P1H1,[]
P17302,[210]
P29415,[]
P29414,[]
A0A2A5K5H4,[]
P35212,[]
P36382,[]
P28234,[]
P36381,[]
P48165,[]
P28236,[]
Q8K4Q9,[]
P55917,[]
P08034,[]
P28230,[]
Q8VGC3,[153]
Q08289,[153]
O43497,[153, 275]
P0AAE8,[181, 196, 260]
P75733,[]
P0ABM1,[]
Q3TDN0,[]
Q8L7Z0,[228]
Q16281,[]
P53388,[]
Q98GN8,[228]
P51790,[67, 196]
P51800,[67]
Q9R0A1,[67]
Q9W701,[67]
Q2FVF0,[]
Q06393,[67]
Q9Y5I7,[]
P0A2R8,[]
P9WP63,[150]
O14810,[]
Q8R1B5,[]
P06809,[196]
Q5XEZ5,[]
Q93XM7,[]
Q9V427,[]
Q9ULS6,[228]
Q9Z127,[134]
P38702,[]
Q6Z401,[]
Q498T9,[]
Q08268,[]
Q5TF39,[]
P09011,[254]
P06624,[254]
A7XY94,[]
P0AFA7,[196, 275]
O95299,[]
Q42577,[]
P62167,[153]
Q9DCT2,[]
P19050,[]
Q8DKZ4,[]
Q08637,[196]
P30860,[]
B8NDS8,[]
P26360,[196]
Q05372,[196]
Q2U0M6,[]
P68699,[196]
P80285,[196]
Q96253,[196]
P09218,[196]
Q72E02,[196]
Q9JJV8,[]
P06129,[43]
A2ARP9,[153]
O60840,[153]
P22002,[153]
Q02485,[153]
Q8VHW5,[153]
P91645,[153]
Q8IU99,[153]
B0Z4X2,[196]
Q9MTK9,[196]
P20150,[196]
P38101,[]
P51798,[67]
P56750,[67]
Q5T3F8,[]
P80980,[196]
Q08299,[]
Q87WD2,[67]
Q04991,[]
P0AER5,[]
P9WQJ9,[]
Q5M8M9,[228]
Q07376,[]
Q8L7E9,[153]
P69210,[147]
Q2G140,[]
P19258,[]
Q6RZ07,[254]
Q8L4S2,[]
Q9C8G5,[]
P00163,[196]
Q8K273,[229]
A0MD31,[]
O95528,[133, 196]
Q9BYW1,[]
Q5J316,[]
Q8BFW9,[]
P17809,[133]
O04036,[]
P31702,[241]
P45759,[241]
P24077,[135]
P9WQJ3,[]
P37737,[]
P05825,[135]
P23416,[67]
Q17328,[67]
P0AER3,[]
Q9C757,[196, 251]
Q9NPI9,[228]
Q9Z307,[228]
B7U540,[228]
P19490,[]
P23818,[]
Q63226,[]
P22756,[228, 275]
Q84Y95,[]
P36937,[228]
P0A059,[228]
O65272,[196, 228]
Q9M0Z3,[196]
P03961,[228]
Q16322,[228]
P9WKF1,[228]
Q14722,[228]
P63143,[228]
Q9XT31,[228]
P63144,[228]
Q27955,[228]
Q13303,[228]
P62482,[228]
P62483,[228]
O43448,[228]
P97382,[228]
O23016,[]
Q40648,[]
P75799,[]
P70673,[228]
P32297,[308]
Q27218,[308]
P20420,[308]
O70212,[]
Q70Z44,[308]
Q9C6W5,[]
Q9SZR9,[]
Q9H0C2,[9, 75]
P32720,[]
Q38898,[228]
Q01668,[153]
P60063,[]
P48962,[9, 75, 196]
Q05962,[9, 75, 196]
P04710,[9, 75]
P18239,[9, 75]
P18275,[155, 168]
Q8CHJ2,[]
P29975,[126, 194, 228, 254, 305]
O14520,[136, 254]
O43315,[136, 138, 254]
Q4KMQ2,[67]
P54536,[]
P0AE34,[]
Q08857,[48]
Q00535,[153]
D6W196,[9, 75]
Q9UJS0,[]
Q9QXX4,[]
Q708S6,[275]
Q16515,[275]
Q62962,[275]
Q6X1Y6,[135, 275]
Q08DA1,[228, 275]
Q6PIC6,[228, 275]
P09220,[196]
Q9WVD4,[67, 196]
P30902,[196]
P13621,[196]
P05630,[196]
O35454,[67]
P13090,[49]
Q9X1U7,[196]
P80084,[196]
P11608,[196]
P0A2Y9,[196]
P9WPU7,[196]
P99112,[196]
P15013,[196]
P12113,[196]
P35381,[196]
Q5KUJ2,[196]
P20648,[196, 228, 275]
P56381,[196]
P18597,[196, 228]
P31414,[196]
P07143,[196]
Q15878,[153]
Q9P0X4,[153, 275]
P45428,[]
Q8VHW9,[153]
Q9JJV5,[153]
Q9XPJ9,[196]
Q06185,[196]
P13620,[196]
Q8FWV8,[]
Q9SVG0,[]
P23645,[]
P42196,[]
P69051,[]
A0A1V6PBC8,[]
Q8R3Z5,[153]
O95180,[153, 275]
P54284,[153]
Q8CC27,[153]
Q05596,[]
P97707,[153]
P62956,[153]
Q8N5C1,[]
P9WP69,[196]
P32113,[280]
P0AEB0,[92]
Q8L7Z9,[]
P0AEG1,[]
P40411,[]
Q55721,[156, 167]
Q5FA19,[6]
P23900,[136, 254]
Q81L64,[]
F1SVK0,[]
A3BF39,[35, 86, 304]
P0CW78,[35, 86]
Q8H384,[35, 86, 304]
O64474,[35, 86, 304]
Q6H7M3,[280]
Q9SH30,[280]
Q9SZC9,[34, 280]
Q9S7J8,[34, 280]
B9DFX7,[34]
P36542,[196]
Q7A3E6,[280]
Q8NEC5,[153]
Q9WUS4,[]
Q6TYA7,[210]
P36380,[]
Q02221,[196]
P10817,[196]
P10818,[196]
P04166,[196]
O74441,[]
Q8N4M1,[]
Q810F1,[]
P36383,[]
Q8IWA5,[]
P00167,[196]
P9WQL7,[]
P40039,[]
P34299,[]
P25621,[143]
B7ZAQ6,[]
P0AC96,[191]
P22778,[196]
P37810,[196]
Q6C105,[196]
Q05825,[196]
P31853,[196]
A8J785,[196]
P0A301,[196]
P50007,[196]
Q0QEP2,[196]
Q8VHW2,[153]
O34840,[153, 196]
B0Z4N8,[196]
P76175,[67]
Q9N2G5,[67]
Q99LI2,[67]
Q9MZT1,[67]
P51802,[67]
P51793,[67, 196]
P36837,[196, 214]
P77921,[196]
Q79VD7,[196]
Q81XB2,[]
Q09919,[229]
P10384,[249]
Q14802,[67]
P9WN97,[317]
P0AC23,[]
Q79EE4,[]
P23576,[67]
Q24352,[67]
P50571,[67]
P35802,[153]
P0AER0,[136]
O59010,[67, 275]
Q15825,[308]
P02708,[308]
P21616,[196]
Q9JLB5,[153, 308]
P46481,[]
Q02013,[126, 194, 228, 254, 305]
P96710,[]
Q92482,[136, 254]
Q6P9J9,[67]
P0AE24,[]
P55087,[254]
O54794,[136, 138, 254]
Q8UJW4,[254]
P02924,[]
Q14AT5,[67]
Q84MA5,[]
P19321,[]
P97445,[153]
P27884,[153]
O14791,[67]
O55017,[153]
Q02294,[153]
Q07936,[153]
Q9BLG3,[305]
Q58739,[305]
P38731,[]
P69680,[305]
Q06497,[]
O29285,[305]
Q9BLG4,[305]
I3R0S7,[305]
P26361,[67]
O82390,[]
Q8GX78,[7]
P84715,[228, 275]
P0AB93,[284]
P31809,[]
P37278,[153]
P50002,[196, 275]
Q0ZS22,[196]
C0HK56,[196]
Q5BAY0,[]
Q7A4E5,[196]
P09468,[196]
P08306,[196]
P80498,[196]
Q03736,[196]
Q8N4V1,[229]
P0ABV2,[]
P75797,[]
Q47952,[]
P00420,[196]
Q56408,[196]
P11461,[]
P52612,[196]
P15029,[]
P40410,[]
Q14289,[]
Q10279,[17, 308]
P36173,[196]
Q5A1L6,[309]
A0A1D8PN14,[309]
Q9RR46,[77]
P63137,[67]
P20262,[]
O93430,[67]
Q9VR07,[275]
Q8VZR6,[196, 251]
Q6VVA6,[228]
P39086,[228, 275]
Q14500,[228]
P22462,[228]
Q63959,[228]
Q01956,[228]
Q03721,[228]
Q63734,[228]
Q9NSA2,[228]
Q03719,[228]
Q9UGQ3,[133]
P15383,[228]
Q9Y6J6,[228]
Q9Y6H6,[228]
Q9JJV7,[228]
Q8WWG9,[228]
Q9UJ90,[228]
Q9H3M0,[228]
Q7TSH7,[228]
Q9UIX4,[228]
D4AD53,[228]
Q9UJ96,[228]
Q8TAE7,[228]
Q8TDN1,[228]
O08962,[228]
P48048,[228]
Q84TI7,[228, 275]
Q9GPE9,[196]
A0A3G9H2R5,[]
J3QMI4,[]
Q6FK23,[]
B0Z5E0,[196]
Q47910,[153]
P9WP71,[196]
O15431,[]
O14548,[196]
O29777,[280]
O32220,[34, 280]
Q0WT48,[]
P11551,[196, 262, 276, 288]
Q9VHT4,[180]
Q96A29,[180]
O43826,[146, 258]
P38196,[]
Q9WU81,[146, 258]
P0AEP1,[196, 262]
A0A0D2YFZ8,[]
A0A0B5EMG9,[]
S0DW25,[]
W7N2B4,[]
P63235,[]
O32261,[224]
O07011,[224]
O07009,[]
P08555,[137, 191]
Q9C5M0,[164, 290]
Q38956,[]
P12985,[196]
P30049,[196]
Q01908,[196]
Q2RFX6,[196]
A0R204,[196]
P0A6E6,[196]
P12085,[196]
Q13698,[153]
P55980,[]
O15432,[]
Q03445,[228, 275]
Q8WQA4,[67]
P44513,[6]
Q9SKZ5,[156, 167]
F4HW02,[]
P19439,[228, 275]
Q8BS95,[]
O75311,[67]
G5EBR3,[67]
P14672,[]
P19357,[]
P48058,[]
O43424,[]
Q61625,[]
P63252,[228]
P48549,[228]
Q37304,[196]
P49573,[]
O60931,[103, 196]
Q9Z0Y8,[153, 275]
Q07652,[153]
P54285,[153]
P0ABN9,[282, 291]
P13806,[153]
Q01815,[153]
Q7VYU0,[]
P80981,[196]
Q8NNK2,[196]
P07471,[196]
Q8NFK1,[]
Q8NCS7,[]
Q80XF7,[]
P13187,[]
P9WJB3,[]
P0C7B7,[]
P0C6Y6,[]
P02692,[39, 275]
P11166,[133]
P11167,[133]
Q68ED2,[153]
P11168,[133]
P35400,[153]
P14246,[133]
P32037,[133]
Q9M0Y3,[]
O44827,[]
P21345,[196]
C0HK52,[196]
P18640,[]
Q03440,[196]
O88759,[228]
Q14847,[]
Q8IWT6,[198]
Q9GZU1,[153]
Q8N8R3,[41]
Q8ZKQ3,[]
O06989,[]
P52002,[]
P21447,[]
J9VF33,[]
Q5ABU7,[]
P21439,[]
O15375,[]
P0AF01,[]
O15374,[]
B1AT66,[]
Q1I8U1,[]
P38857,[]
P60675,[196]
Q5A762,[]
O15438,[140, 295]
A0QR29,[]
Q9RGZ5,[196]
Q9RGZ4,[]
A3BV82,[]
Q57603,[228]
Q99271,[196, 228, 275]
P93306,[]
Q9FGI6,[]
P35120,[]
Q8DJ02,[]
O78754,[]
Q2FYQ7,[141]
Q8SUG7,[9, 75]
P80268,[]
P49281,[12, 196, 229, 233, 304]
P80672,[]
B2IZT6,[107, 263]
Q21433,[]
Q60049,[]
P19573,[196]
Q51487,[]
Q83EK8,[]
P0DI96,[]
P9WIW9,[]
Q48473,[]
Q04064,[]
P13155,[275]
Q9ZV24,[]
O06493,[179, 275]
P46921,[]
G2JZ42,[]
Q8BZ09,[]
Q9BQT8,[]
Q02854,[]
Q6IVV8,[153, 228, 275]
Q18PF6,[305]
P17763,[]
H2LRU7,[153, 228, 275]
P09866,[]
Q8GSG4,[]
Q2RFX4,[196]
P69448,[196]
P37808,[196]
P56382,[196]
P21905,[196]
O75964,[196]
P38995,[34, 280]
Q8FWV9,[]
P9WPT9,[34]
P9WPS9,[153]
O93743,[]
Q06432,[153]
P0DPI1,[]
P59852,[218]
P0ADW2,[268]
Q8K595,[153]
Q07820,[]
Q9X2W0,[]
Q9H2D1,[274]
P31547,[]
P60698,[196]
P60690,[]
P0C0S1,[]
Q02DS7,[]
Q84M97,[]
O35379,[43, 140, 210]
O27564,[]
Q92887,[140]
A0R541,[]
F1M3J4,[121, 128, 140, 210, 295]
Q94AX5,[153]
P56181,[]
P51970,[]
P76242,[]
Q5XIF3,[]
P17694,[]
Q9EPQ0,[153, 228, 275]
Q56219,[]
Q56223,[]
O78753,[]
P80368,[]
Q7CNU3,[]
Q45330,[]
P0A0V3,[]
A0A4P7TKC8,[]
A0A0H3NBQ0,[]
P37592,[]
P37432,[]
A0A2S4MYF8,[]
A0A4P7TN82,[]
P32722,[]
P76045,[]
Q9FME8,[]
O32243,[]
P11296,[]
P9WIW1,[]
P26663,[]
P61837,[254]
A0A452G813,[]
D0CCT2,[]
P13511,[]
P0AEQ6,[]
Q91X72,[]
Q8UG67,[196]
O43772,[]
P23200,[322]
Q8DMR6,[]
P0C070,[]
P41821,[153]
Q61983,[]
F2T1C4,[]
Q12908,[275, 295]
A1KF14,[]
Q9SNV9,[]
P01504,[]
P01501,[]
O35910,[]
Q55282,[]
Q57130,[]
Q06019,[254]
O74870,[]
Q9ZT63,[304]
Q8WVF1,[]
Q8BHW2,[]
P38734,[]
B2RX12,[140, 295]
Q96J65,[]
Q9KQW9,[]
O88563,[140, 295]
P10566,[229]
O94201,[196]
P83009,[67]
P21404,[]
O00168,[67]
P12823,[]
Q9MA90,[]
P12296,[]
Q96303,[]
P38361,[15, 275]
C0HK65,[196]
P15999,[196]
P0A2Z5,[196]
Q06450,[196]
P32799,[196]
Q06538,[]
Q10914,[]
P0ABU7,[]
P69380,[229, 304]
P0AA80,[]
P44836,[]
P23516,[]
Q59465,[35, 86, 304]
P39003,[196]
P40260,[305]
O14050,[153]
P60694,[]
Q56222,[]
P43435,[196]
A0A2R9TD79,[]
B5RHV8,[]
G7KDA1,[]
Q8H6H0,[]
P03304,[]
Q9XF58,[254]
P13901,[]
P03302,[]
P10176,[196]
P14542,[]
Q9U3N4,[]
Q9ZTZ7,[196, 228]
Q8TF71,[]
Q3U9N9,[]
Q91Y77,[]
Q8NCK7,[]
P03819,[196, 228]
Q7RTY0,[]
P53986,[]
P53988,[]
P37329,[45]
Q8R426,[228]
Q6PHZ8,[228]
P16390,[228]
Q61423,[228]
P96589,[]
P17971,[228]
P08510,[228]
P15382,[228]
Q9CR58,[38, 92]
Q63472,[228]
Q9Z2T2,[228, 275]
P52189,[228]
Q920E3,[228]
Q9NYG8,[228, 308]
P48550,[228]
Q9EQR3,[228]
O43526,[228]
Q7L1W4,[]
A1KIJ9,[]
O75251,[]
O00217,[]
O98679,[]
Q19351,[]
Q66H28,[67]
Q6PEM8,[167, 196]
Q7A679,[]
Q45399,[]
A6QG30,[]
Q2FZF0,[]
Q9XYN1,[]
Q63269,[153]
P47114,[228]
Q99MG9,[228]
Q03717,[228]
Q63099,[228]
Q14B80,[228]
Q63881,[228]
Q9ULD8,[228]
Q12809,[228]
P97794,[228]
O08581,[228, 275]
O14649,[228]
O88454,[228, 308]
P48548,[228]
O43525,[228]
Q9Z351,[228]
Q9JL58,[228]
P02920,[196, 245]
Q9N1Q4,[134]
P25737,[]
F6RG56,[]
P32487,[]
P50537,[164, 196, 291]
P75831,[]
P76398,[]
O54029,[275]
Q56725,[275]
Q16795,[]
Q00960,[153]
P18767,[50]
P32340,[]
Q9UI09,[]
Q8BNY6,[153]
P80269,[]
Q23883,[]
P42027,[]
Q99PD7,[153, 228, 275]
A0A1W5X0D5,[]
Q9UI40,[153, 228, 275]
Q8CGQ8,[153, 228, 275]
Q19617,[]
Q8TCU5,[153]
P80731,[]
Q8DKY0,[]
Q9Y5S8,[]
Q9SAH8,[]
Q96PH1,[196]
Q8NWQ5,[]
P35372,[153]
P20242,[]
P80369,[]
A0A0H3NJI9,[]
Q1H5C9,[]
G2JZ44,[]
Q03028,[9, 75]
Q99571,[153]
P83650,[67]
P28876,[196]
P14340,[]
Q40089,[196]
P0DPG3,[196]
Q2G506,[]
Q8G2M7,[]
P9WPS3,[34, 280]
P16700,[92]
P13181,[196]
A0A0H2VAP9,[137, 191]
P0C2U3,[]
Q59Q30,[309]
Q8ZWI8,[196]
P08716,[]
Q8TDW0,[]
Q9Z2Z6,[]
Q2W031,[196]
P31462,[]
P34886,[275]
H6TB12,[]
Q99257,[]
P76399,[]
O32169,[279]
F2SG60,[]
Q3S2U5,[]
P39210,[]
P60682,[]
Q00325,[196, 205]
A0A061ACU2,[]
P0AFM2,[]
P03928,[196]
Q2STE9,[196]
P83505,[196]
P38077,[196]
P51164,[196, 228]
A1B8P0,[196]
P94854,[]
P33517,[196]
P40948,[]
Q8TDB8,[133]
P27674,[133]
P46896,[]
P16151,[]
Q9FRL3,[]
P11169,[133]
Q07647,[133]
Q00512,[241]
P37093,[241]
P58353,[]
P31742,[241]
Q3T9X0,[128]
Q5Y4Y6,[]
Q8TAX9,[]
P57764,[]
Q9D8T2,[]
O60443,[]
Q9Z2D3,[]
Q944P0,[]
P37738,[]
Q93V66,[]
P35077,[]
Q95T12,[153]
Q9H427,[228]
Q9Y257,[228]
P48543,[228]
Q9XXD1,[228]
P0AFS1,[]
Q9LU77,[]
P00825,[196]
A0A161CFW5,[196]
P53744,[]
Q8VHW4,[153]
P19518,[153]
Q45894,[]
Q8N8Q1,[]
P33518,[196]
P9WJB1,[]
P17064,[95]
P77308,[]
Q9RQ29,[]
Q9HU17,[]
P33650,[229]
P39817,[]
O68460,[196]
P19807,[1]
A0A1S4GYH6,[]
Q8NN75,[]
Q8ZKQ4,[]
Q2FUR9,[]
P06210,[]
P0AFK2,[129]
P9WQK9,[146]
P69786,[]
P0ABA6,[196]
Q54DF1,[196]
P03493,[]
P18581,[]
Q53TN4,[]
Q925G2,[]
Q5RKJ2,[]
Q96P56,[153]
P23347,[67]
P48751,[]
P82251,[103]
P04919,[67]
P08033,[]
P21994,[]
Q48252,[241]
O88602,[153]
Q8VHX0,[153]
P80200,[]
Q9FVQ5,[]
Q08913,[150]
Q54BF6,[]
P45356,[]
P77672,[]
P0A2V1,[50]
Q9VF27,[]
Q0D2K0,[]
Q8SUG0,[9, 75]
P9WJH3,[]
D4GVF7,[]
Q05098,[135]
O81845,[]
Q7VSX3,[241]
P00405,[196]
P0AA82,[]
Q04441,[196]
Q2FV64,[34, 280]
O87656,[]
P25527,[]
Q63113,[228]
P46349,[]
Q8NLB7,[]
P26049,[67]
Q8BHJ7,[67]
P15431,[67]
P0C2W5,[67]
P62812,[67]
P51674,[153]
Q91XP5,[67]
Q93YT1,[153]
O66646,[]
Q9P0J0,[]
P19234,[]
Q91YT0,[]
O43677,[]
Q9VZU4,[]
Q9DC70,[]
P86203,[]
Q9CXZ1,[]
Q05811,[]
Q6IMP4,[]
Q96RD7,[153]
Q7ZWK8,[196]
P16256,[143, 275]
Q96NT5,[145, 167, 196]
P32537,[]
P37002,[150]
Q9YDF8,[228]
Q10PW9,[196]
O32081,[67, 228]
O87953,[67, 228]
Q8IZF0,[275]
Q8BXR5,[275]
Q04121,[196, 228, 275]
O95167,[]
Q91ZU9,[]
Q84WG1,[196, 228, 275]
P56556,[]
Q3UMR5,[153]
Q8ZKQ2,[]
P37340,[]
P0AFA9,[]
Q9NYZ2,[]
F1PZV2,[]
A6NFX1,[]
Q5VZR4,[]
Q831K6,[279]
Q7A6M2,[279]
P30301,[254]
A1CFL0,[]
A0A075TRA9,[]
O43674,[]
P86250,[]
Q02375,[]
Q9GZQ4,[67]
O78755,[]
P03921,[]
O78756,[]
Q8SRA2,[9, 75]
Q9LXH0,[263]
P38044,[263]
Q44665,[]
Q44619,[]
P38368,[]
Q9BRQ5,[153]
Q8ZG77,[]
Q56113,[]
P80451,[]
P0DSD9,[]
Q9VNB5,[153]
P33602,[]
Q9KHT7,[]
P9WIV7,[]
O48528,[]
Q99297,[9, 75]
P0AFE0,[]
P08292,[]
Q6YMS4,[]
Q66575,[]
O91734,[]
Q82122,[]
P41909,[]
Q7T3R4,[305]
P62166,[153]
Q9B6C8,[]
Q56225,[]
Q43975,[]
Q86UW2,[]
Q9T0H9,[153]
P94392,[123, 179, 275]
P07117,[179, 275]
Q2FWY7,[179, 275]
Q7A4Q7,[179, 275]
P76037,[196]
P49654,[]
Q9JJX6,[153]
A1CFM0,[]
P14222,[]
P14337,[]
P98161,[153]
O08852,[153]
Q66474,[]
P08617,[]
Q7A3G4,[]
P32901,[]
Q9NSA0,[]
Q86VW1,[]
Q9Y2D2,[160]
P9WGP3,[241]
P00403,[196]
Q57986,[229]
P9WQJ7,[]
O54852,[228]
E1BNE9,[228]
Q92952,[228]
Q6UVM4,[228]
Q61792,[]
Q48262,[]
P36554,[]
P30750,[279]
E0SCY3,[]
P0AAD2,[]
Q9LYG9,[]
Q9L0Q1,[]
P33527,[43, 140, 210]
P60752,[]
Q63120,[140]
P9WJN5,[]
Q9HUH5,[]
A0A3T0QHT2,[]
O83323,[]
P27485,[296]
Q9C6B8,[]
Q57071,[]
P00550,[]
P0AA67,[46, 115]
A6X7E7,[]
P43144,[153, 308]
G5EG88,[]
P41181,[254]
Q8IZS8,[153]
Q2UVJ5,[67, 228, 275]
P23910,[]
O00555,[153]
Q00496,[]
Q05152,[153]
P30996,[]
Q96250,[196]
Q42687,[196]
A1B619,[196]
P00829,[196]
P9WPV5,[196]
P35434,[196]
C0HK61,[196]
P07891,[196]
Q94AN2,[]
P34158,[67]
B0Z556,[196]
P33927,[]
P52218,[63]
O65717,[]
O65718,[153, 228]
P03945,[196]
P15710,[15, 275]
Q8H157,[161]
Q944G5,[196, 199]
P0A435,[]
O05331,[196]
Q8DLU1,[196]
P05435,[196]
Q9VCR7,[103]
Q02789,[153]
O54898,[153, 275]
P62955,[153]
P54290,[153]
Q9DAD0,[]
P60300,[67]
P35523,[67]
Q9WUB7,[67]
P0ABI4,[]
Q494W8,[]
O05390,[]
Q9UHI5,[134]
Q80WG5,[198]
Q5DU41,[]
Q57399,[45]
P33607,[]
Q8J0F3,[]
P53157,[]
Q9Y5U8,[]
P23641,[]
Q4WF31,[]
Q9NUT2,[]
Q8LPQ8,[]
Q9R1X5,[210]
O88269,[140]
Q01926,[]
Q9RGY9,[196]
P62168,[153]
Q91WD5,[]
P42028,[]
Q8DJ01,[]
Q9B6E9,[]
Q56217,[]
O31645,[196]
P0C069,[]
O54902,[196, 229, 233]
P96517,[196]
P01502,[]
Q03218,[]
P29677,[196]
P60689,[]
Q5T3U5,[140]
P0A742,[]
O22769,[]
O43676,[]
P00393,[]
Q28139,[153, 228, 275]
O79875,[]
P03924,[]
P60497,[]
P80729,[]
Q9UW81,[]
L7WRZ2,[]
O82811,[263]
B1XLL7,[107, 263]
P80228,[]
P30690,[]
E6MXW0,[]
Q6P8G8,[153]
P0A264,[]
O66841,[]
O05254,[]
P9WJH5,[]
P9WIW5,[]
Q80VM9,[196]
Q9JIP4,[153]
P51577,[153]
P0DUT9,[]
A0A0G2K309,[]
P03309,[]
P30302,[254]
P19642,[]
P21306,[196]
P56135,[196]
Q6C9E6,[196]
P80433,[196]
Q5XIN6,[153, 196]
Q8BMG8,[274]
P40035,[]
P08938,[296]
Q183M9,[241]
Q8WUG5,[]
Q76EJ3,[160]
Q96CQ1,[186]
O35316,[122, 275]
Q6PGE7,[123]
Q08469,[179, 275]
Q9EPT5,[121]
P0AF16,[317]
Q00961,[153]
P03901,[]
P41251,[196]
Q51397,[]
P42866,[153]
P0A910,[]
P80454,[]
P42116,[]
P13794,[]
P37726,[]
P39767,[]
P31243,[]
P32977,[]
P05695,[]
O80739,[228]
Q8LPL8,[228]
O22397,[228]
O22881,[228]
Q9FE38,[228]
Q9LD18,[228]
Q9M7K4,[228, 275]
Q9FY75,[228]
Q9VT04,[]
O15173,[]
Q80UU9,[]
P29990,[]
Q09917,[153]
Q9SV31,[254]
Q08733,[254]
Q06908,[196]
P72246,[196]
P56757,[196]
Q00361,[196]
P08574,[196]
P0AD99,[21, 134, 200]
Q9WUE3,[]
Q8CBX0,[]
Q60EN8,[]
P05505,[196]
Q7A7N0,[]
Q8W4P8,[]
Q5U419,[196]
Q04613,[196]
P21448,[]
Q06495,[275]
O53645,[]
Q5SMG8,[]
O15427,[]
P13900,[]
Q81258,[]
P9WQL1,[146]
Q8Y5W0,[204]
Q15413,[153]
Q6P5F6,[304]
Q8BWY7,[304]
O06446,[241]
Q96G79,[]
Q8LFH5,[]
Q9VGE8,[]
Q8C8S3,[]
Q9EQ25,[]
P0AGA2,[]
Q9D856,[304]
Q8IZM9,[]
Q13433,[304]
Q08BA4,[]
Q99K24,[304]
Q8IVJ1,[127, 275]
Q9Y6R1,[14, 275]
P35874,[]
Q15043,[229, 304]
P39386,[196, 228, 275]
P36606,[196, 275]
O34691,[]
Q9YLG5,[]
Q09624,[153]
P05030,[196]
Q24418,[]
P80264,[]
Q9FNN5,[]
O60721,[153, 228, 275]
Q56227,[]
P19045,[]
P03911,[]
P80263,[]
P31134,[69]
P98008,[196]
Q6P499,[]
P94127,[196]
Q51705,[196]
O82855,[]
P80443,[]
P80444,[]
P45996,[]
Q8ZRY4,[]
P80452,[]
A1B479,[]
P09888,[]
A5F934,[]
Q45462,[]
Q8LLD0,[]
A2RKA6,[]
P9WJH1,[]
Q86UW1,[]
Q6Z8D0,[]
P51575,[]
O14031,[210]
Q9ZVX8,[254]
Q86LG1,[275]
A0QQ70,[60, 146]
P56580,[]
Q95L97,[]
Q9FFL1,[]
Q03567,[]
P33335,[]
Q9KR66,[]
Q9KR65,[]
P30825,[]
Q09143,[]
P44543,[]
P19634,[196, 228, 275]
Q61165,[196, 228, 275]
P26431,[196, 228, 275]
P48763,[196, 228, 275]
Q28362,[196, 275]
Q9ZHC7,[217]
P48764,[196, 228, 275]
G3X939,[196, 228, 275]
P26432,[196, 275]
P26433,[196, 228, 275]
M5A7P9,[196, 275]
P26434,[196, 228, 275]
Q14940,[196, 228, 275]
Q9Z0X2,[196, 228, 275]
Q92581,[196, 228, 275]
Q96T83,[196, 228, 275]
Q8BLV3,[196, 228, 275]
Q9Y2E8,[196, 228, 275]
Q8R4D1,[196, 228, 275]
Q8IVB4,[196, 228, 275]
Q9GZC8,[]
P96169,[]
Q8C0X2,[196]
D0ZXQ3,[]
Q86UD5,[19, 196, 275]
Q5BKR2,[19, 196, 275]
Q6UJY2,[196, 228, 275]
Q6AXF6,[]
Q6Q3F5,[]
Q8NBJ9,[]
Q8CIF6,[]
D3ZEH5,[]
Q9LD83,[]
O31427,[92, 302]
Q4WGS5,[]
Q4WGE2,[]
Q9FLV9,[]
P33595,[]
P26760,[]
Q9ULF5,[304]
O35874,[52, 65, 67, 103, 123]
A2AVZ9,[]
Q9R1N3,[14, 275]
P0AG93,[]
Q6NT16,[]
Q2A865,[]
Q92911,[174, 275]
P51172,[275]
P43803,[241]
P51170,[275]
Q8R3L5,[]
Q24JQ0,[]
Q60362,[196]
O22261,[32]
Q8GAI5,[]
Q8GAI6,[]
Q8RWA5,[32]
P56753,[]
P19712,[]
P21530,[]
Q65900,[]
O43808,[32, 195, 274, 318]
Q8RWU6,[196, 228, 275]
Q9LKW9,[196, 228, 275]
P09627,[196]
P03313,[]
Q58HT7,[]
A2RKV5,[]
O95182,[]
P49820,[]
P35436,[153]
Q00959,[153]
Q62645,[153]
Q67WJ8,[]
P25708,[]
Q8BMW7,[]
Q7RTP0,[]
Q8BHK1,[]
P03898,[]
Q9KHT9,[]
P54417,[]
P0AFF2,[95, 196]
P9WIW7,[]
P60571,[]
G5ECT0,[]
Q9BXI2,[]
P25360,[]
Q8LAA6,[254]
P43287,[254]
Q9HBR0,[]
P03877,[196]
Q92504,[304]
Q8BIV7,[196, 242]
Q9UMX9,[196, 242]
P55016,[67, 228, 275]
P55012,[67, 228, 275, 305]
P59158,[67, 228, 275]
P55011,[67, 228, 275, 305]
Q924V4,[]
Q00954,[275]
O60939,[275]
P28573,[123]
P28571,[275]
Q7Z769,[]
Q8BXR1,[]
P0AA47,[196]
P26664,[]
B8GYG4,[146]
P77272,[]
P11162,[]
Q9H1V8,[]
O88576,[]
Q9ZV02,[]
Q26627,[153]
P46318,[]
Q01959,[66, 67, 275, 281]
Q9BSK2,[186]
P31652,[22, 67, 275]
Q00589,[122, 275]
Q96K37,[]
P31641,[122, 275]
Q8CD26,[]
Q9M8S6,[228]
Q6NMN6,[]
Q9H2V7,[]
P39986,[]
A2SWM2,[]
Q8IVW8,[]
Q91VM4,[]
Q6ZMD2,[]
P41930,[221]
P77589,[]
Q00748,[]
Q5EXK5,[]
P21440,[]
P30878,[]
O34987,[]
Q12375,[]
Q9UBL9,[]
Q8K3P1,[]
P49653,[]
P56373,[]
O15547,[]
P51579,[]
Q99572,[]
Q9Z1M0,[]
Q64663,[]
Q62172,[140]
P54679,[196]
Q9QL88,[]
Q56ZZ7,[196]
Q9LV11,[196]
Q04941,[]
Q68FT6,[305]
P28877,[196]
P29813,[]
P03306,[]
Q06611,[254]
P39535,[]
O04200,[]
P26661,[]
Q9LPF6,[]
O05507,[]
Q8LPL2,[263]
Q9M1E2,[263]
P37081,[]
Q05085,[263]
Q2M3M2,[275]
Q14524,[275]
Q8VDT1,[275]
A0PJK1,[275]
Q9JJV9,[275]
Q5SWY8,[275]
P15389,[275]
Q8WWX8,[275]
Q8K0E3,[275]
Q28728,[]
Q01118,[275]
Q9Z1F2,[275]
Q7T384,[]
Q41062,[]
Q9UQD0,[275]
Q49B93,[]
Q9WTU3,[275]
O88420,[275]
Q15858,[275]
Q62205,[275]
O08562,[275]
D0E0C2,[275]
Q9Y5Y9,[275]
Q6QIY3,[275]
P0DMA5,[275]
Q62968,[275]
P02719,[275]
Q9UI33,[275]
O88457,[275]
P55270,[275]
P15400,[]
P52966,[241]
P10408,[241]
P37088,[275]
Q61180,[275]
H1AFJ5,[275]
P37089,[275]
P51167,[275]
Q9WU38,[275]
P37090,[275]
P51169,[275]
Q36795,[]
P47994,[241]
P95759,[241]
P0A4G7,[241]
P9WKQ1,[]
P60881,[228]
P33310,[130]
P13113,[81]
Q96MC6,[]
P0CE00,[196]
B7IE18,[317]
Q95XG8,[]
Q51485,[]
Q2FYJ5,[]
Q44620,[]
P0AFF0,[]
P38399,[]
D0ZXQ1,[]
P0A4F8,[]
P0DQH0,[]
Q03032,[275]
P02931,[]
P83079,[]
P42312,[]
P0AFF4,[95, 196]
Q9D771,[67]
Q9FXH5,[]
Q8S403,[]
Q8RXN3,[146, 277, 286]
Q9S2H4,[]
Q12300,[196]
P38127,[186]
P0CI36,[204]
P39742,[]
Q17QQ3,[228]
P60878,[228]
P60879,[228]
P55820,[228]
Q9QXZ6,[]
P46720,[]
Q9EP96,[]
Q99J94,[]
Q9ERB5,[]
Q9EPZ7,[]
Q92959,[121]
Q00910,[121]
O94956,[]
Q8BXB6,[]
Q9JHI3,[]
Q8NBI5,[]
Q96GZ6,[]
Q9UP95,[67, 228, 305]
Q9EPH0,[67, 92, 100]
Q9ES07,[196, 214]
Q8N357,[]
Q8BGK5,[]
Q5U4D8,[89, 143, 275]
Q9WU39,[275]
P51171,[275]
O13263,[275]
Q9Y584,[]
Q9CQ85,[]
Q9Y6L6,[]
P32568,[]
Q92341,[]
Q9XBQ9,[196]
Q94AZ2,[196]
P83094,[153]
O31501,[]
P44986,[26]
P31549,[]
P31548,[26]
E2JF22,[]
P43286,[254]
Q9H2H9,[275]
Q96QD8,[52, 275]
Q9NY26,[304]
Q8BGD6,[134]
Q9BRY0,[304]
Q9C0K1,[196, 247, 304]
Q92736,[153]
Q75N73,[229, 304]
Q7Z3Q1,[]
Q5BKX6,[196, 242]
P14069,[]
Q9Y2W3,[196, 242]
Q8NBS3,[49, 196, 275]
Q9JI66,[14, 275]
Q8BMD8,[]
P55014,[67, 228, 275]
Q8N697,[196, 214]
Q96RN1,[67, 92, 100]
Q7TML3,[]
Q5T1Q4,[]
P31650,[275, 312]
O88575,[123, 179, 275]
Q12328,[]
Q9JJL3,[]
Q6ZQN7,[]
P39709,[120]
Q07837,[103]
O80605,[196, 242]
Q9FE59,[196, 242]
Q496J9,[]
Q6NQN5,[]
G5EBK1,[196, 228, 275]
Q51330,[100]
B6RAL1,[]
O95153,[153]
P18902,[296]
Q9JHE5,[52, 275]
P0AGH3,[]
A2VCW5,[52, 157]
O66491,[]
Q9X1I9,[]
Q6ZMH5,[304]
Q8BYR8,[]
P38383,[]
A0AV02,[67, 228]
Q7YRU6,[67, 228]
Q13183,[275]
P04775,[275]
A2ASI5,[275]
P58743,[67, 92, 100]
Q6ZT89,[]
P97524,[]
O00337,[95, 275]
O88627,[275]
O15245,[66, 67, 275, 281]
Q62773,[275]
Q9Z306,[]
Q61672,[]
O70594,[]
Q4W8A3,[]
Q96S37,[128]
Q497L9,[204]
P78381,[]
Q3ZAV1,[128]
Q9Z2J0,[7, 133, 275]
Q9BS91,[]
Q8VCA0,[]
Q9UGH3,[7, 275]
P23978,[67, 275, 312]
P31649,[275, 312]
Q9WTR1,[153]
Q93890,[160]
Q9SX48,[]
Q9SJP9,[123]
Q4LDG0,[]
Q9ES38,[]
Q61327,[66, 67, 275, 281]
Q9NQQ7,[]
Q8VCX2,[]
P31645,[22, 67, 275]
P28366,[241]
P21817,[153]
Q91W10,[196, 247, 304]
Q9H2X9,[67, 228, 305]
Q8K3P6,[]
Q99MR3,[67, 228]
Q5U680,[62]
Q9NWF4,[204]
E9RGS4,[]
O18757,[]
Q8CJ44,[275]
P53969,[]
Q3SY17,[32]
P15390,[275]
Q60714,[48, 89]
P58735,[67, 92, 100]
Q9HGN7,[]
O54698,[195]
Q80WK7,[]
Q9BZD2,[]
O75751,[]
Q99P65,[]
Q4U2R8,[]
Q8R139,[]
Q8TCC7,[]
Q9Y694,[]
O88909,[]
D8WUA4,[]
Q91WU2,[]
Q9Y267,[204]
P78382,[42]
A0QYG9,[241]
Q61420,[42]
Q6A4L0,[165]
Q80UJ1,[]
Q9EPR4,[7, 275]
P60059,[]
Q8N4F4,[]
P31648,[67, 275, 312]
Q9UHI7,[7, 133, 275]
P48065,[275, 312]
P48067,[94, 275]
Q9SMP2,[]
Q38885,[]
P33303,[282, 291]
Q93646,[]
Q9NPD5,[]
P0DOE4,[67, 228, 275]
Q39232,[196, 242]
Q0D9V6,[321]
Q9FMX3,[]
P9WG91,[]
Q6QJE2,[92]
Q74MJ7,[196]
Q02563,[]
Q7L1I2,[]
Q63564,[]
Q9K0U9,[6]
P03305,[]
P03303,[]
Q7TNN9,[305]
P0AFY6,[36]
Q9ES44,[]
Q80UP8,[]
O15244,[]
P27306,[196]
Q9MAX3,[92]
Q9FVQ4,[57, 238]
Q00724,[296]
Q8BG05,[]
P0ABG7,[317]
Q5N8J1,[]
Q9NA75,[228]
Q9NA73,[228]
Q8ZRV1,[]
Q9M390,[]
A9WGD1,[]
Q08357,[275]
O70577,[]
Q9JIM1,[195]
Q8MJI6,[]
Q8VC69,[]
Q9BSG5,[204]
Q3U1J0,[52, 157]
Q6YBV0,[123]
Q5I012,[]
P0AAH8,[]
Q78IQ7,[304]
Q9NUM3,[]
Q3V050,[]
P06703,[]
Q4U116,[14, 275]
P0AG96,[]
Q9D6X5,[204]
Q9JIS8,[67, 228]
Q863Y7,[204]
O66505,[]
P45843,[]
P50443,[67, 92, 100]
B1AWN6,[275]
P84903,[153]
P09836,[146, 258]
P0AGC0,[146, 258]
Q04301,[]
O31467,[]
P38967,[]
A9ZSY3,[]
P23924,[]
Q80T22,[]
P77348,[]
Q3URS9,[228]
Q8ZPK2,[]
Q8ZPK1,[]
P07110,[]
Q47421,[]
Q14JW6,[]
Q8CG09,[43, 140, 210]
Q28689,[140]
P94360,[]
Q80WJ6,[]
P37061,[]
Q058N4,[]
Q12412,[]
Q9AFF7,[]
P77529,[103]
B9VUU3,[]
Q9NY72,[275]
O43511,[67, 92, 100, 174]
Q8VHE0,[]
Q6PCB7,[48, 89]
Q6P1M0,[48]
Q9R141,[]
Q9R1U7,[]
P0DJP3,[241]
Q9SJV5,[]
P30531,[67, 275, 312]
A1A5C7,[]
P61619,[153]
Q07534,[]
P0CK97,[]
Q9S3K0,[196]
Q7Z5S9,[]
Q12078,[]
P0AGE4,[275]
O34739,[]
P83093,[153]
P23586,[]
Q9FY46,[92]
P25594,[]
Q9VXN2,[196]
Q2RSB2,[196]
P27514,[]
P14175,[]
Q5XAF5,[]
O57379,[]
P31662,[]
Q5FWH7,[304]
Q0P5V9,[196, 242]
Q6RVG2,[14, 67, 275]
Q9UHW9,[67, 228, 305]
Q08986,[62, 147]
Q66HR0,[67, 228]
Q28677,[67, 228, 305]
Q8R0Y8,[195]
Q924N4,[67, 228, 305]
Q9NQ40,[204]
Q9HAB3,[204]
Q7M729,[275]
Q9NP91,[123, 179, 200, 275]
P9WGP1,[]
Q8C0X7,[]
Q3KNW5,[275, 295]
Q13530,[52]
P38925,[196]
Q9BX79,[296]
P70302,[153]
Q10R54,[196, 224, 230, 242]
O41174,[]
Q8TBB6,[]
O35433,[153]
A9YWR6,[]
Q0V8E7,[296]
P12866,[]
Q9LT15,[53, 196]
Q9SMM5,[]
Q84WN3,[]
P40528,[]
Q9Z0V8,[]
Q8NER1,[153]
P32715,[]
O74872,[]
P28667,[153]
Q12117,[]
P49821,[]
P04394,[]
Q2YQ73,[50]
O95168,[]
Q01098,[153]
O16242,[153, 275]
Q6Z2T3,[283]
Q8BZF2,[]
A2AIR5,[153]
P29915,[]
Q56228,[]
P0AFE8,[]
P38921,[62]
Q9U1S7,[153]
Q13563,[153, 228, 275]
P29991,[]
P07564,[]
Q9WDA6,[]
P20649,[196]
P27915,[]
Q7M290,[196]
Q57425,[129]
P03301,[]
P26660,[]
Q4J711,[]
Q11069,[]
O15533,[]
P69822,[]
Q9UBN4,[153]
Q8JZU2,[]
P04575,[]
Q12519,[]
P47159,[]
Q27331,[196]
P32366,[196]
P45394,[153, 228, 275]
Q6BEX0,[293]
P39328,[]
P32331,[]
Q48332,[196]
Q16572,[]
Q03516,[]
Q495M3,[123, 196]
Q8BWH0,[52, 134, 157]
Q8C145,[304]
Q921R8,[]
P05964,[]
D0VWU4,[]
Q86VL8,[196]
A2APX8,[275]
Q63632,[67, 228]
P41438,[145, 167, 215]
Q9JKQ2,[92]
Q9H015,[]
Q63089,[66, 67, 275, 281]
Q14542,[]
Q62674,[95, 275]
Q7RTT9,[]
Q9VVD9,[192]
Q96BI1,[196]
Q9WTW8,[7, 275]
P32915,[]
Q9H1N7,[192]
Q76M72,[]
Q96DW6,[]
Q8VE96,[]
P48029,[124, 275]
P0DI74,[]
Q8BGD4,[]
P31675,[196]
P02906,[92]
Q18779,[160]
O70491,[296]
P39932,[196]
Q9FGQ2,[177]
P09925,[196]
Q8SQU9,[196]
Q6GN30,[228]
Q62351,[]
Q8ZRV2,[26]
P37774,[103]
Q969I6,[]
Q9ZZX1,[196]
Q60175,[]
Q24498,[153]
Q7ARI8,[196, 241]
P40291,[196, 241]
Q6NUK1,[]
P55013,[67]
P22340,[]
P9WGN7,[]
Q3LFN0,[204]
P9WGN5,[]
Q07699,[275]
Q9BYT1,[]
P39515,[]
O32047,[]
Q9QZX8,[]
Q9UIG8,[]
Q13796,[275]
P0AG78,[92]
Q9GQQ0,[]
Q10482,[]
Q9FY94,[]
Q971B7,[196]
Q56403,[196]
Q97CQ0,[196]
P13548,[196]
P17255,[196]
P31407,[196]
Q19626,[196]
P27449,[196]
P84843,[153]
P63082,[196]
Q95YI5,[114, 160, 321]
Q5QF96,[138]
P63081,[196]
Q03105,[196]
Q13336,[138]
Q54E04,[196]
Q8VHL0,[138]
Q9SZY7,[196]
Q9SLA2,[196]
Q2TA24,[196]
Q15849,[]
Q8R4T9,[]
Q99437,[196]
Q91V37,[196]
Q62668,[]
P23968,[196]
Q9SRE4,[180, 321]
Q9LPU2,[]
Q9FIH5,[]
Q8RWW7,[]
O23654,[196]
Q2KIB5,[196]
Q5EB76,[196]
Q20591,[196]
P31404,[196]
P49343,[]
P39414,[]
Q7RVX9,[196, 247]
P0C0L7,[179, 196]
O51233,[]
P18577,[305]
Q08AI6,[]
P0AAH4,[]
Q6P5W5,[304]
Q31125,[304]
P0AC98,[196, 299]
P43007,[52, 65, 67, 103, 123]
Q5I0E9,[]
A7KAU3,[]
P55017,[67, 228, 275]
Q94AG6,[62]
Q2Y0W8,[14, 67, 275]
Q91V14,[67, 228, 305]
P31646,[275, 312]
Q91WN3,[]
Q39231,[196, 242]
Q9P246,[153]
Q9LH79,[]
Q9C9M9,[]
P23849,[67, 228]
P12685,[228]
P10907,[237, 309]
Q0P887,[158]
A0A2A5K1W4,[]
P60170,[]
Q87RS1,[279]
O14123,[196, 275]
Q8IYB4,[]
P26662,[]
Q5EG65,[]
Q9LVE0,[263]
Q7A6R5,[241]
Q9FM10,[]
Q8L9J7,[]
Q944M5,[]
Q20332,[67]
P23136,[196]
P55851,[]
Q9K1M2,[249]
C0MHL9,[]
P39604,[317]
Q9JIS5,[]
Q3E7B6,[196]
P54647,[196]
P56501,[]
P12242,[]
P0CE44,[]
Q9SZ96,[]
Q9FDZ5,[]
P81103,[196]
O15342,[196]
Q9XW92,[196]
Q5AJB1,[196]
P38606,[196]
Q9SJK6,[]
P03093,[]
Q8BLE7,[]
P69795,[]
Q7Z2H8,[123, 196]
Q8WUX1,[52, 157]
A6NNN8,[]
P0AGH5,[]
Q9JM15,[275]
Q1KZG0,[304]
P0A1C1,[241]
P74857,[196, 241]
P58355,[196, 242]
Q96FL8,[196]
Q8BTY2,[14, 275]
Q63633,[67, 228, 305]
P0AG99,[]
Q8CFJ7,[]
Q8BW66,[]
Q9H1U9,[32]
Q8IY34,[196, 214]
Q9R155,[67, 92, 100, 174]
P36836,[196, 214]
Q6ICL7,[]
Q5SKE6,[]
Q86UG4,[]
O14925,[]
P33026,[196]
P31436,[196]
Q9BSA9,[228]
Q9CXY1,[228]
Q6AY05,[228]
S5VBU1,[228]
Q9BWM7,[]
Q95V25,[228]
O76689,[275]
P0AAI1,[]
Q39228,[196, 242]
Q9SFG0,[]
Q69JW3,[196, 224, 230, 242, 244]
F4KFS7,[]
P06795,[]
A0A1C7E424,[]
B7ZSK1,[153]
Q05586,[153]
P19404,[]
O96000,[]
P29917,[]
O78748,[]
P03893,[]
P93313,[]
Q8SUF9,[9, 75]
O79881,[]
A0A2A5JY22,[]
P80730,[]
L7WRR4,[]
Q9FJH7,[263]
Q94JG1,[263]
P38045,[263]
P38046,[263]
Q9LPV5,[263]
Q59647,[196]
P85410,[]
A0A2S4N3N0,[]
P0DH58,[]
A0A4P7TME1,[]
Q96SN7,[153]
E6MZM0,[]
P76773,[]
P13156,[]
Q41050,[]
P40897,[]
P31979,[]
P46922,[]
A2RKA5,[]
P33021,[]
P23008,[]
Q84RL7,[254]
Q68T42,[]
P29846,[]
Q913V3,[]
P9WFZ3,[228]
Q9Z0U0,[]
Q96247,[]
Q8DP44,[196]
P00845,[196]
Q7CRB2,[196]
Q93VM8,[]
P46333,[]
P9WQM1,[92, 302]
P37313,[]
P9WJY5,[]
P50726,[204]
Q79VC4,[]
P77579,[]
Q155Z9,[]
Q0KL00,[]
P93004,[254]
Q9M817,[263]
B6HJU0,[]
P9WN99,[317]
Q9QXP0,[305]
P41263,[296]
Q180E3,[]
Q9NIV0,[305]
E9Q9W4,[48]
Q8BJI1,[]
Q8QZY4,[204]
O05139,[196]
Q0WWW9,[]
Q925B3,[153]
Q9BX84,[153]
Q61056,[153]
P43979,[34]
O30085,[34]
Q01359,[196]
P0ADV9,[268]
P26235,[196, 275]
P35439,[153]
Q99LC3,[]
Q12879,[153]
O95139,[]
P35438,[153]
Q9B6D4,[]
P03307,[]
P03308,[]
P13899,[]
P14176,[]
Q66478,[]
D4GVK4,[]
Q9ZSR7,[277]
P53257,[172]
Q38906,[]
P40310,[228]
Q9ESQ5,[153]
Q8NET8,[153]
O34521,[]
P13866,[251, 275]
Q8C3K6,[275]
P11170,[251, 275]
P0AG90,[]
P31639,[275]
Q923I7,[275]
P53794,[251, 275]
Q9JKZ2,[275]
Q9NY91,[275]
O70247,[89, 143, 275]
Q9GZV3,[30, 275]
Q8BGY9,[30, 275]
Q9JMD7,[30, 275]
Q3ZMH1,[]
Q8N695,[275]
Q8BYF6,[275]
P51168,[275]
P60880,[228]
Q74FU6,[]
Q9LNV3,[]
O31568,[]
P22055,[]
P49380,[196]
P50852,[]
P69801,[]
P0AGH8,[]
Q7A804,[]
M5AXY1,[296]
Q9Y2P4,[48]
Q63488,[]
Q969S0,[114, 160]
Q60857,[22, 67, 275]
Q9Z2I7,[]
P02980,[]
P35577,[]
Q9STE8,[]
Q9K2Y1,[]
Q704Y3,[153]
Q9R186,[153]
Q9I8D0,[196]
C0HK58,[196]
P81450,[196]
Q8DLG8,[196]
Q03961,[]
Q4V8I7,[198]
P0AAG5,[]
A1B497,[]
Q80WK2,[]
Q8R000,[]
Q90YM4,[]
P12916,[]
P03311,[]
O34734,[]
P36371,[]
Q7TN60,[]
Q5QM84,[153]
P82805,[]
C0H3V2,[]
Q9VMU8,[]
O74395,[]
P38359,[92]
Q12325,[92]
Q9LUR4,[]
Q90WJ7,[]
P0AGF4,[196, 315]
P02932,[]
Q9UKG4,[92, 275]
P46029,[]
Q9BXP2,[67, 228]
Q9GL77,[14, 275]
Q63424,[196, 214]
Q9JIP7,[196, 214]
P40879,[67, 92, 100]
Q7LBE3,[67, 92, 100]
P0DI75,[]
P48056,[275, 312]
Q6RX08,[153]
Q9Y5S1,[153]
P57112,[196]
Q9LUE3,[]
P92946,[92]
Q9VL32,[]
Q7L0J3,[]
Q8BG39,[]
Q9UT18,[196]
Q9LDH3,[]
Q13488,[196]
P04276,[]
P9WJW7,[]
P9WQI5,[]
O07549,[]
P33362,[]
O32101,[]
O31710,[]
P64423,[196, 304]
Q9ESQ7,[]
Q9LV10,[196, 199]
P04916,[296]
O34931,[]
Q037U3,[]
P28584,[228]
P9WGU5,[]
O34946,[35]
P9WQM5,[]
Q9CWU2,[]
Q9C0U9,[]
Q9ESQ4,[67]
Q8CEG0,[]
Q86JM7,[153]
Q5XIU9,[]
P10820,[]
Q9XF59,[254]
P69874,[69]
O05505,[]
D4GWC8,[]
Q7Z403,[]
P48994,[153]
Q2TV84,[153]
P32089,[]
P06817,[]
Q94AP3,[]
P46136,[]
P37597,[]
P38318,[196]
P69808,[]
O34315,[]
P69428,[]
P9WGA1,[]
Q9DAM5,[]
Q9FNC9,[]
Q9P0U1,[]
Q19907,[228]
P9WQK1,[]
Q9QX29,[153]
Q9QZC1,[153]
A8MRY9,[160]
P34374,[153]
P13272,[196]
P15920,[196]
Q9LSF6,[]
Q9LF61,[277]
P53007,[]
P32135,[]
P45114,[]
O13714,[]
P94419,[]
P0AFP9,[]
Q06328,[]
Q6R3K9,[]
Q9C101,[]
E1V6C5,[67, 228]
Q88N31,[]
Q88N32,[]
Q5ZLR5,[196]
P49728,[]
P31435,[]
D4GP39,[111, 271]
P0AGI4,[]
Q08234,[]
P53735,[304]
A0QQ68,[60]
Q940Y5,[]
Q9F7P4,[]
P92962,[123]
Q6J4G7,[]
P53134,[]
C6KEF6,[]
P69805,[]
P9WG09,[]
Q53922,[]
Q8RVC7,[92]
P50516,[196]
P9WQM3,[]
O35119,[153]
P9WQJ5,[]
P10090,[152, 204, 227, 240]
Q7TSF2,[]
P37662,[]
Q46892,[191]
P75763,[]
P34240,[304]
Q8IWU4,[304]
Q8NHX9,[153, 275]
Q8BWC0,[153, 275]
Q51368,[]
P82874,[]
P02929,[]
P0A9U1,[]
P37617,[35, 86, 233, 304]
P48995,[153]
P10905,[309]
P30628,[196]
P9WQK5,[]
Q46821,[128, 152]
G5EGP4,[196]
G5EEK9,[196]
O35458,[196, 312]
D4GP38,[111, 271]
P77726,[]
O94639,[304]
Q62634,[15, 67, 275]
P9WL77,[]
Q12235,[]
P94418,[]
P45861,[]
P0AGI8,[228]
P0DSL2,[]
Q8ZLF4,[237]
Q8BLN6,[]
Q9RU24,[]
P47985,[196]
Q94JS0,[196]
Q9LYR2,[196]
Q9Y487,[196]
P45562,[95]
Q8NDX2,[]
P75683,[]
Q62812,[228, 275]
Q39196,[254]
P04936,[]
Q9FF53,[254]
P31452,[]
Q9XH46,[]
P33011,[]
P39953,[32]
Q9P7B3,[153, 196]
Q9Z1K8,[]
Q8IUH5,[]
O31688,[35]
Q9XFJ8,[]
Q9XSM3,[153]
Q9WUD2,[153]
Q18120,[228]
P76417,[95]
P40556,[32, 96]
P0AFQ2,[]
P75783,[]
P33941,[]
Q12697,[]
Q9H313,[67]
Q681Q7,[]
P37388,[111]
Q8RWZ6,[]
P33024,[]
Q9RGG4,[]
Q2EHL7,[]
Q9QX01,[153]
Q9S2H6,[]
P24774,[296]
Q9QUT0,[305]
Q9VB11,[]
Q8LBF7,[]
O17185,[228]
P02981,[]
D2ZZC1,[129]
Q12252,[]
Q9FZ96,[]
P20166,[]
P69829,[]
Q8N4V2,[]
P53394,[92]
Q8BFT9,[]
Q66JT1,[]
Q8BGR2,[]
P9WGU7,[]
Q8R502,[]
V6F4W4,[]
Q08777,[204]
O39929,[]
Q7A4B3,[]
P09323,[]
P25184,[]
Q9P380,[]
Q9M9V7,[263]
Q09056,[6]
Q06987,[6]
Q9SZY4,[]
P97887,[153]
P39766,[]
Q87TN7,[67, 228]
Q09852,[]
A2RI47,[]
Q04705,[228]
Q9LRP2,[]
Q58505,[228]
E1V6K4,[67, 228]
Q9Y210,[153]
Q9Y7Q9,[]
Q2HJ10,[304]
Q9JJH7,[153, 228, 275]
A0A0R4IMY7,[153]
P38750,[263]
Q03327,[]
Q93KD4,[158]
Q91YD4,[153, 275]
P05919,[]
Q05940,[22, 67, 275]
P54219,[22, 67, 275]
Q9QZ71,[]
Q9UBH6,[]
P25297,[196, 247]
P37188,[]
P24400,[]
P21958,[]
Q7PIR5,[]
O23680,[]
Q41009,[]
Q9HVS4,[]
P77400,[]
P0AA60,[]
P38055,[]
E9PTT0,[]
P39542,[]
Q9XUC4,[304]
Q12436,[304]
Q5SR56,[]
Q57286,[]
P51180,[254]
P60678,[]
P54745,[196]
Q8VZL4,[]
Q864R9,[140]
P63359,[]
E9Q236,[121, 128, 140, 210, 295]
Q9R1S7,[140]
Q03455,[304]
Q9K2S2,[196, 275]
Q9RGZ3,[]
Q9RGZ0,[]
O05228,[196, 275]
A2RIB7,[]
P15072,[]
Q69422,[]
P08544,[]
Q9SKJ7,[]
O34900,[]
Q07904,[]
D7PHY8,[]
Q9Z1G4,[196]
Q8R090,[22, 67, 275]
P40004,[160]
P77389,[]
P25311,[]
P97441,[304]
O74901,[]
P39352,[]
Q5ZIH3,[]
Q6QIX3,[304]
Q9BRI3,[304]
P0CY48,[196]
P32563,[196]
P9WJY1,[]
P76198,[]
P40544,[304]
Q8LPR8,[]
O48950,[]
Q8CA03,[]
Q9C0H2,[67]
A0A0B7P9G0,[]
Q9ZR03,[]
O53900,[]
P53273,[92]
P76103,[246]
Q12251,[192, 231]
P0A9X1,[35]
Q05998,[131]
P39456,[]
P9WG97,[]
Q8R4P4,[153]
A1Z8N1,[]
P16153,[]
Q9VJJ7,[153]
P60778,[]
Q9Y6M5,[304]
P77328,[152]
Q09766,[]
Q46863,[]
O34362,[]
P71012,[196]
Q9QUQ5,[153]
Q979Z2,[228]
P31826,[]
P77031,[]
P39301,[]
Q9ZQ89,[17, 196, 306, 308]
Q70625,[]
P69699,[]
O30144,[158]
Q94G16,[]
P25396,[]
Q09906,[]
Q6AWX0,[]
Q7Z4N2,[153]
P39830,[196]
P38776,[]
P40445,[92]
Q6R3K4,[]
P32804,[304]
Q6PML9,[]
Q8BJM5,[304]
Q7XLD4,[304]
O39928,[]
P37439,[]
P34230,[]
E5QVT2,[204]
P06912,[296]
D3ZH22,[]
Q8N2C7,[]
P04958,[]
Q47537,[]
Q9XH75,[]
Q9WTN5,[153, 275]
Q96QT4,[153]
Q9HCX4,[153]
P17127,[]
Q9HBA0,[153]
P32837,[196, 312]
P0AAD4,[]
Q29466,[196]
P0AFT2,[103]
P69425,[]
O05523,[]
O67305,[]
P0AFS5,[]
Q43715,[]
P38825,[]
O25899,[]
Q8R455,[153]
Q9EPK8,[153]
Q88N30,[]
Q3TXX4,[15, 67, 275]
Q9WTR6,[]
P9WJX1,[]
O24367,[]
P42839,[153, 196, 228, 275]
Q05497,[]
O59785,[]
P0AAG8,[322]
Q14728,[]
O75489,[]
P23709,[]
Q9DA75,[39, 48, 275]
P03888,[]
Q925N3,[]
P27909,[]
Q9ZV07,[254]
Q2FK70,[]
Q9EXD8,[]
Q27963,[]
P0AGM9,[152]
P9WJX3,[]
Q07307,[128, 152]
P34579,[196, 312]
P08067,[196]
P9WQJ1,[]
O52733,[]
Q8W245,[304]
Q9WYC4,[]
P43562,[196, 251]
O13779,[]
P46996,[]
Q9I3L9,[92]
P69423,[]
Q7Z402,[]
O94826,[]
P9WQI7,[]
P19334,[153]
Q9H1D0,[153]
Q7A4T3,[]
P9WJI3,[196, 228, 275]
P42200,[]
P96792,[]
A5LGM7,[]
Q9ULQ1,[153, 275]
P0DTT6,[111, 271]
Q7DDB6,[]
P75757,[304]
P38142,[]
O94343,[]
P33916,[]
Q5IRJ6,[]
P34711,[]
E9PTA2,[153, 275]
Q04602,[]
P70406,[]
Q9CR68,[196]
Q920R6,[196]
P53241,[89]
P0DO17,[]
Q9R032,[]
Q9JZN9,[]
Q3UVU3,[304]
P0CE46,[304]
P37296,[196]
Q9HBG4,[196]
P9WGF7,[92]
Q09274,[275]
P0C5X8,[67]
P49344,[]
P0C8N8,[]
Q22271,[228]
P03094,[]
Q9LPF1,[]
O13657,[]
P45768,[]
Q9UM01,[]
P20107,[304]
Q99726,[304]
O35149,[304]
P39832,[304]
Q8BWG9,[153]
G7CBF5,[]
Q9VVL1,[]
P26466,[56]
Q02783,[]
Q3KRC6,[]
Q5U308,[]
Q8TDD5,[153]
O75380,[]
Q71RS6,[153, 228, 275]
Q56229,[]
P0AC26,[]
P29913,[]
Q03463,[]
P07654,[]
P69811,[]
Q8RX77,[263]
P9WHH5,[196]
O82587,[]
Q9EQJ0,[153, 275]
Q9HC21,[172]
P82873,[]
O94759,[153, 275]
P04140,[81]
P69367,[]
Q287T7,[]
Q9LZD0,[]
Q8VZW1,[254, 284]
O54701,[153, 228, 275]
Q2FYQ8,[141]
P03886,[]
P03891,[]
O79880,[]
P29739,[]
P32332,[92]
Q9SM57,[]
Q9VCA2,[]
O34742,[]
P9WIV9,[]
P0AFC7,[]
Q7RTS6,[196]
Q51955,[]
Q7RTS5,[196]
Q03YI6,[]
Q8C437,[]
P26380,[]
Q69ZS6,[]
D8KIE9,[204]
Q02161,[305]
Q8N434,[]
B0SR19,[]
P36370,[]
E7FFT2,[]
P49133,[]
Q5M7W4,[]
Q7TN37,[153]
P05923,[]
O35633,[196, 312]
Q57201,[]
P0AAE2,[]
P27958,[]
P0AFJ7,[190, 196, 304]
P17334,[]
Q9UBD6,[305]
Q9Z2I6,[]
P42252,[]
P53322,[]
P52875,[153]
P11869,[]
Q94KI8,[153]
Q8YSQ6,[]
Q7Z404,[]
Q9LHE5,[]
Q8R4D5,[153]
Q9JIP0,[153]
P0AAT4,[]
Q58026,[]
B4E9G3,[317]
P17568,[]
O85187,[196, 275]
Q13224,[153]
Q9Y6M9,[]
O75306,[]
O43181,[]
O79882,[]
P83149,[]
Q9H813,[67]
P82542,[67]
Q8VZS0,[]
Q9ZWT3,[]
Q8VYM2,[]
Q66765,[]
Q9WN78,[]
K4REQ6,[129]
Q9H5I5,[]
Q66479,[]
P28008,[]
Q99595,[]
P0AFZ7,[67, 228]
O45923,[304]
Q93050,[196]
Q57556,[153, 228, 275]
P69791,[]
Q9LQL2,[196, 228, 263]
Q99S77,[]
P69831,[]
P69828,[]
P49768,[153]
O60830,[]
P02930,[]
Q8TDI8,[153]
P20788,[196]
P38329,[67, 228]
Q9JI12,[]
P0AGH1,[]
Q04013,[]
P37643,[]
P37772,[]
P76197,[]
P25351,[]
Q3YW59,[35, 86]
Q9S7Z8,[]
Q9ATM6,[254]
Q9C508,[]
Q61143,[153]
Q3TH73,[67]
O57728,[196]
P07056,[196]
P0CE45,[]
P75810,[]
Q9HNE3,[196]
A8AC29,[196]
O35304,[]
P37674,[]
Q401N2,[]
Q12010,[]
O31711,[]
Q6NXT4,[304]
Q9EYX5,[304]
O34610,[]
Q60738,[304]
Q9BRV3,[]
Q8GZ79,[]
Q9NZQ8,[153, 228, 275]
Q8K424,[153]
Q9UL62,[153]
A0A1X9QDU4,[]
Q9W5A5,[67]
Q9SJT7,[196]
Q01827,[22, 67, 275]
P9WPD7,[284]
P38087,[]
P93303,[196]
Q9JKN1,[304]
Q8RWN2,[228]
P9WJX9,[]
Q03519,[]
Q9HC07,[153]
K9UJK2,[228]
P0ABV6,[]
Q7TN58,[]
P07213,[]
O96008,[]
Q9SX55,[]
Q93971,[]
Q923J1,[153]
Q13454,[]
Q46136,[]
P25874,[]
P05417,[196]
Q9ZPR7,[17, 196, 306, 308]
P0AGM7,[17, 308]
P21614,[]
Q04162,[196, 251]
P75835,[]
Q80TN5,[]
Q9UT92,[]
Q8TAD4,[304]
A0A1X9QDU5,[]
P25286,[196]
P53262,[196]
P02774,[]
Q9UPY5,[83, 320]
P9WGF5,[229, 304]
Q5XCC7,[]
Q12424,[]
P0ABT8,[]
O42885,[]
P38079,[]
P0AA63,[]
Q03263,[49]
Q12407,[196]
Q03697,[]
Q9R0S5,[]
P54954,[]
Q92536,[]
P76115,[]
P0DSL1,[]
Q9BSA4,[67]
O31569,[]
P54953,[]
Q8IUH4,[]
Q7ANN4,[]
Q66578,[]
P92961,[123]
Q7A807,[]
Q94GB1,[]
P46032,[]
Q6YZF3,[]
Q9SAY1,[92]
Q6P5F7,[67]
Q46909,[]
O07550,[]
Q12324,[153, 228, 275]
O59698,[147, 243]
O32074,[]
Q8KR68,[]
P0A927,[]
G5EFJ9,[228]
Q8BTV1,[]
P26290,[]
W5PSH7,[]
Q02762,[196]
Q9Z2B2,[38, 92]
Q47706,[]
Q8YNL5,[]
O13726,[196, 228, 275]
P76352,[274, 318]
P77228,[228]
P75870,[]
P38279,[]
O74829,[147, 243]
P92935,[9, 75]
P21727,[]
P69820,[]
O94695,[]
P42590,[]
P39277,[169]
O14329,[304]
Q8R4H9,[304]
P0A8H3,[229, 304]
Q9CIF0,[]
P36672,[]
P20966,[196]
P05706,[]
A2RJJ9,[]
P54596,[103]
P0AEM9,[103]
O05522,[]
P38085,[]
F1QFU0,[]
Q8TD43,[153, 275]
Q13507,[153]
P37841,[196]
P04633,[]
P55916,[]
Q93SX0,[]
Q69S39,[]
P08980,[]
Q93Z75,[17, 152, 196, 306, 308]
Q94DG6,[304]
Q99T13,[]
Q9Z0V7,[]
D5ANZ2,[196]
Q76NM6,[196]
P83794,[]
O01393,[]
P86205,[196]
P19554,[]
P53142,[]
Q8BRU6,[22, 67, 275]
A7XZ53,[]
Q57538,[]
P32386,[]
P21503,[]
O31712,[]
P23355,[196]
P69797,[]
A0A1D8PI78,[]
Q8IU68,[]
Q54001,[]
Q8R4P5,[153]
Q9D3A9,[67]
P39282,[]
P39109,[86, 140]
Q9LUN2,[]
O60146,[67, 228]
O74899,[72, 101, 255]
P00411,[196]
P36032,[]
Q92508,[]
Q82081,[]
Q03518,[]
P43769,[]
P37621,[]
P77549,[]
O07523,[]
P31448,[275]
Q6XR72,[304]
O14863,[304]
Q99IB8,[]
A8DYE2,[304]
Q8W4S4,[196]
P67444,[152]
Q9ZUA5,[]
P9WKR5,[]
Q58206,[]
P37327,[]
P32137,[]
Q8BGK6,[]
P53049,[86, 140]
P43531,[]
P0AAD8,[46, 52, 196]
P36372,[]
A9ZSY2,[]
Q7Z2W7,[153]
Q91WD2,[153]
A0A1D5PXA5,[153]
P9WPU9,[196]
Q28852,[196]
P18859,[196]
Q56ZN6,[196]
Q6PDU7,[196]
P21571,[196]
P38360,[86]
P9WPS5,[153]
Q9JJV4,[153]
Q94A87,[]
Q9JM47,[228]
E9NA96,[]
P58390,[228]
O35111,[228]
Q8K3F6,[228]
P0A333,[228]
P0A334,[228]
O32080,[]
P39196,[39, 275]
Q8U0Z7,[]
P37636,[]
P37637,[]
Q8VEM8,[]
Q96290,[]
P60753,[]
Q96J66,[140, 295]
O05227,[196, 275]
Q14957,[153]
Q95748,[]
Q6J4K2,[153, 275]
Q9SAI4,[49]
Q9JJC8,[]
O79874,[]
P92533,[]
O78747,[]
Q8NA29,[39, 48, 275]
P03905,[]
P03897,[]
P0DKH0,[263]
Q6RYW5,[]
P23843,[]
P77747,[]
O49929,[]
Q04883,[]
P0AFE4,[]
Q03215,[196]
P16552,[196]
P18631,[]
Q99MI1,[153]
Q05131,[]
Q811U3,[153]
P34957,[196]
P76425,[]
Q7A698,[196]
E0TW65,[196]
P34958,[196]
P34959,[196]
Q04671,[142]
P0A0J9,[]
P14319,[]
P37619,[]
P31930,[196]
P83782,[196]
J9VPD8,[196]
P07919,[196]
Q871K1,[196]
Q9UDW1,[196]
Q79VE9,[196]
P9WP37,[196]
Q8NNK5,[196]
P9WP35,[196]
P40475,[]
P40474,[]
P38227,[]
P98009,[196]
E0TW66,[196]
P34956,[196]
Q7A699,[196]
Q81HT3,[196]
E0TW67,[196]
P04983,[20]
P15325,[196]
P0AGI1,[]
P27125,[]
Q9JIR0,[153]
P19456,[196]
Q66282,[]
Q03053,[]
P20431,[196]
P17787,[308]
P26153,[308]
P25110,[308]
P41233,[]
Q8WWZ7,[]
Q8R2H3,[67]
Q8IZY2,[]
Q8K441,[]
Q7TNJ2,[]
A2RI45,[89]
Q8K449,[]
Q9JI39,[]
O95342,[295]
Q09429,[228]
Q21005,[67]
Q63563,[]
E9RBG1,[]
P06609,[43]
G3XCN6,[]
Q6FDF6,[]
P48410,[239]
D3ZHR2,[239]
P55096,[]
P06611,[43]
Q18DH8,[]
Q9NGP5,[]
P29563,[]
Q91WA9,[99]
P41820,[]
B0R633,[]
P0DMH8,[]
Q9H222,[]
P33743,[]
P12428,[]
Q7YQK3,[]
P28222,[153]
Q9Z6M6,[]
Q9FLT4,[]
Q6NLC1,[]
Q9C8G9,[225, 234, 310]
Q8H8V7,[]
Q9M1Q9,[]
Q8LPK2,[]
Q9NS82,[52]
P63115,[]
Q87PP5,[]
Q87NZ5,[]
Q87NG3,[]
Q87J97,[]
P0C1F8,[]
P39396,[96]
P14772,[]
P61914,[]
P39088,[]
P0DL55,[]
A0A515MEN7,[]
O97470,[9, 75]
Q6LX42,[118, 275]
P48182,[308]
Q8R2N1,[136, 254]
P47863,[254]
Q42563,[]
Q5ANA3,[]
P0AE16,[196]
Q1LX78,[67]
Q9SVT8,[305]
P13688,[]
O59868,[58, 153]
O34431,[153]
P05024,[228, 275]
Q7A4E7,[196]
Q01859,[196]
Q8DLP7,[196]
P62021,[196]
P35670,[34, 280]
P99504,[196]
Q35915,[196]
P46561,[196]
O78752,[196]
P05504,[196]
Q2RFX5,[196]
P0DPG2,[196]
Q12165,[196]
P29418,[196]
P0C522,[196]
P06451,[196]
P09219,[196]
P47082,[142, 200]
Q9FKY3,[]
Q8G2M6,[]
P00846,[196]
Q00555,[67]
Q33884,[]
Q10025,[275]
Q06143,[38, 92]
Q9UBX3,[38, 92]
Q9QZD8,[38, 92]
P49615,[153]
P24585,[275]
Q9NQW8,[]
Q8IV77,[]
P14231,[228, 275]
P13638,[228, 275]
P97370,[228, 275]
Q63377,[228, 275]
Q9UN42,[]
S8EZA7,[]
Q9I9C3,[228, 275]
Q0VCY0,[153]
O14983,[153]
Q8R429,[153]
P04191,[153]
Q64578,[153]
P16615,[153]
O55143,[153]
P11607,[153]
O07002,[]
P11507,[153]
Q93084,[153]
Q8L3K8,[]
Q64518,[153]
P18596,[153]
P86911,[153]
P20020,[153]
G5E829,[153]
P11505,[153]
A0A2U8U2M7,[]
Q01814,[153]
Q9R0K7,[153]
P11506,[153]
Q16720,[153]
Q64568,[153]
Q6Q477,[153]
Q06598,[284]
Q64542,[153]
P98194,[58, 153]
Q80XR2,[58, 153]
O75185,[58, 153]
A7L9Z8,[58, 153]
A0A7J6K338,[142]
Q5VTU8,[196]
P13619,[196]
P24539,[196]
Q9CQQ7,[196]
P19511,[196]
P32876,[196]
P05496,[196]
Q9CR84,[196]
Q06645,[196]
P17605,[196]
P07926,[196]
Q06055,[196]
P56383,[196]
Q06646,[196]
P48201,[196]
P56384,[196]
Q71S46,[196]
P08690,[225]
Q9Y2G3,[]
Q58542,[225]
O27555,[225]
P54707,[196, 228, 275]
Q9Y2Q0,[]
Q9Z1W8,[196, 228, 275]
P54708,[196, 228, 275]
Q9HD20,[58]
Q9EPE9,[]
Q9NQ11,[]
Q9H7F0,[69]
Q5XF89,[69]
Q5XF90,[153]
A0A509AE54,[]
Q8RGE3,[196]
P06453,[196]
Q5KUJ4,[196]
Q8DLP5,[196]
P54244,[]
Q23022,[308]
Q9N587,[308]
O76554,[]
O70174,[308]
P36544,[153, 308]
P02710,[308]
P02711,[308]
P46133,[189]
P22036,[300]
Q10074,[]
P02718,[308]
P07510,[308]
P58154,[]
P0DPR4,[]
Q9M2L4,[153]
Q10185,[234]
Q37145,[153]
Q8WMR7,[67]
Q8NFU1,[67]
Q8N1M1,[67]
Q99758,[]
A0A0G2K1Q8,[]
P78363,[296]
O35600,[]
Q8N139,[]
Q91V24,[]
O94911,[]
A2RMJ9,[89]
Q86UK0,[]
O00400,[196]
Q99J27,[196]
Q38967,[]
E9PX95,[]
Q9FN04,[]
P38084,[18]
Q8GUM3,[]
P92934,[]
O80592,[]
P41815,[]
Q5U5M8,[]
O70595,[63]
Q61102,[253]
Q704E8,[253]
Q9QYJ4,[130]
Q09427,[228]
G5EDN0,[67]
Q9U358,[67]
P70170,[228]
Q9X4A5,[]
P54582,[]
Q6FDF5,[]
P39642,[]
Q14SY0,[92]
Q55415,[92]
Q48314,[]
P16970,[]
Q22397,[]
D4AYW0,[]
Q7TMS5,[89, 128, 204]
Q9H172,[99]
Q99PE7,[]
Q9DBM0,[]
Q08902,[305]
Q84UC7,[]
P9WQI9,[]
Q39253,[153, 196]
Q39254,[153, 196]
Q93Z81,[153, 196]
A0A515MEM9,[]
B9W5G6,[]
J9VME1,[]
P03084,[]
Q02641,[153]
P02722,[9, 75]
P51881,[9, 75, 196]
Q8BHH1,[136, 254]
G5CTG0,[]
Q54WT8,[254]
P53943,[]
O64759,[]
P30995,[]
O35505,[153]
Q60393,[]
P26459,[]
P48037,[153]
P07355,[153]
P34358,[]
Q9DB20,[196]
Q8KRV1,[196]
P13547,[196]
P80431,[196]
Q03439,[196]
P79134,[153]
P17785,[153]
P33931,[63]
Q07969,[48]
P78348,[275]
Q9UHC3,[135, 275]
O82226,[153, 228]
Q9NY37,[196, 275]
A2VDL6,[228, 275]
P50993,[228, 275]
C0HK60,[196]
Q64535,[34, 280]
C0HK63,[196]
P0A2Z7,[196]
Q9GS23,[196]
P9WPV7,[196]
Q05375,[196]
Q8DLG7,[196]
B5FVG3,[196]
Q64436,[196, 228, 275]
P00847,[196]
Q99766,[196]
P13618,[196]
P0AB98,[196]
P15647,[]
P20114,[196]
P52569,[]
D4A055,[153]
Q12864,[]
Q60048,[86]
D5AUZ9,[]
P10844,[]
Q91YT8,[]
Q9QXT8,[228]
P00416,[196]
D5ANZ3,[196]
P0ABG4,[317]
P0A9R7,[]
P38310,[229]
P0AC25,[]
P53389,[]
P77733,[]
P16260,[]
P27360,[]
P25619,[]
P06808,[]
P03705,[]
E1V825,[]
A9ZM27,[]
P0CS90,[]
P29845,[]
P39344,[163, 191]
P35521,[67, 228]
Q96D96,[196]
Q3U2S8,[196]
Q8N1C3,[67]
P23482,[]
Q9D3D9,[196]
Q02758,[196]
P09221,[196]
P37815,[196]
Q6C338,[196]
Q5KUJ1,[196]
Q5R3K3,[]
P0ABJ3,[196]
P0C8L0,[196]
P0AA76,[116, 196]
P13509,[]
O07084,[304]
P06971,[]
P13036,[6]
P07727,[67]
A0A1D8PCL1,[196]
O70507,[228, 275]
Q9TV66,[228, 275]
Q9FLT9,[]
P33129,[]
Q21123,[]
Q9QXW9,[134]
Q6NSJ5,[]
Q9W4C5,[275]
P41036,[51, 196]
P48765,[153, 275]
P23685,[153, 275]
P48767,[153, 275]
Q6ZI50,[263]
P46903,[275]
P46904,[275]
P32418,[153, 275]
P70414,[153, 275]
Q01728,[153, 275]
P69856,[]
Q96QE2,[196, 251]
Q3UHK1,[196, 251]
Q921A2,[196, 251]
Q8K596,[153, 275]
P48768,[153, 275]
P57103,[153, 275]
S4R2P9,[153, 275]
P70549,[153, 275]
P9WJY7,[263]
P10903,[107, 263]
O33854,[263]
P37758,[107, 263]
Q3E7D0,[112]
Q56577,[196, 275]
Q9KQU7,[196, 275]
Q87N04,[196, 275]
O07553,[]
Q56EB3,[]
E1VBT7,[]
A5F120,[]
O66163,[]
Q9LCB5,[196]
B0LJC9,[196]
Q2XWL3,[196]
O32212,[196, 228, 275]
P76007,[196, 228]
A5F4U3,[196, 228]
Q87KV8,[196, 228]
Q0ZAH6,[196]
Q93HU4,[196]
G3XD29,[196, 228, 275]
P73863,[196, 228, 275]
P74393,[196, 228, 275]
Q55190,[196]
Q9FT52,[196]
P56393,[196]
P42792,[196]
Q94900,[67]
Q9Z329,[153]
P29995,[153]
Q8WSR4,[153]
P30606,[196, 251]
O23492,[196, 251]
P42261,[]
P23819,[228, 275]
P19493,[]
P19491,[228, 275]
P42264,[228, 275]
P75796,[]
P20059,[]
Q93XI5,[]
P23585,[196]
P40885,[196]
B0BMY1,[]
Q6IZB5,[]
P03910,[]
Q9B6D6,[]
O05000,[]
P03892,[]
Q91987,[]
P03915,[]
Q27960,[275]
O95436,[275]
Q9DBP0,[275]
P29388,[]
Q9JJ09,[275]
F2SHL1,[]
Q9B6D3,[]
P70172,[275, 295]
Q60825,[275]
Q96EP9,[275, 295]
Q06496,[275]
Q5PT56,[275, 295]
Q0GE19,[]
Q8N130,[275]
Q5PT50,[]
Q80SU6,[275]
Q8K4R8,[275]
Q14973,[275, 295]
P03920,[]
O08705,[275, 295]
P26435,[275, 295]
O00476,[128, 275]
P08434,[]
P04513,[]
Q82035,[]
P89061,[]
P04512,[]
P03902,[]
P02921,[47, 275, 322]
P37813,[196]
Q7A4E8,[196]
P0C1M0,[196]
Q96D31,[153]
Q3TWI9,[]
P13510,[]
P13512,[]
Q9S814,[]
Q21415,[]
P75798,[210]
Q9ERS0,[228]
Q6P1K1,[]
Q2RIS7,[196]
Q47258,[]
Q7XPF8,[]
P36035,[196, 247]
P03960,[228]
A6YCJ2,[]
Q0WP36,[]
Q9JJ57,[228]
P78508,[228]
P22001,[228]
P15385,[228]
P19024,[228]
P15387,[228]
A6H8H5,[228]
Q95167,[228]
Q9RPF4,[]
P48547,[228]
Q9NZV8,[228]
P06597,[]
P48542,[228]
Q5JUK3,[228]
P56696,[228]
O35174,[228]
Q9XFR0,[228]
Q95XZ6,[]
Q9Z2I0,[153, 196]
Q6Q760,[275]
P26525,[]
Q8DL31,[]
P06252,[]
Q13423,[196]
P96454,[]
P08995,[]
Q42599,[]
Q9FX83,[]
O14745,[]
P70441,[]
P13738,[196, 275]
P0ADL1,[]
O15239,[]
Q9CQ75,[]
Q68KI4,[196, 228, 275]
Q9R1M7,[153]
Q8VHN2,[]
O31644,[]
Q8NE86,[153]
O95298,[]
O06923,[]
Q99J21,[153]
Q6I7B9,[]
Q8DLP4,[196]
P0DPI0,[]
Q8BXA6,[67]
O21619,[196]
Q8NNK3,[196]
P0AEQ3,[]
Q46916,[]
Q28204,[228]
Q8AYS8,[228]
Q12791,[228]
Q08460,[228]
Q62976,[228]
Q28067,[228]
Q16558,[228]
Q8CAE3,[228]
Q9Y691,[228]
Q9NPA1,[228]
Q86W47,[228]
Q9JIN6,[228]
Q14003,[228]
Q9JIF3,[133, 319]
Q3UDF0,[]
Q9NRM0,[128, 196]
P63161,[228]
P48050,[228]
Q9UL51,[228, 275]
Q9JKA9,[228, 275]
Q9P1Z3,[228, 275]
Q9JKA7,[228, 275]
P43581,[196]
Q8Y8Q5,[153]
P39760,[]
W6KHH6,[]
P22905,[81]
P04129,[81]
Q50919,[81]
P9WJY3,[]
P53390,[305]
Q9CXJ4,[]
P60686,[196, 228]
Q9SYM1,[]
O15439,[121, 128, 140, 210, 295]
O15440,[210]
Q96252,[196]
P31801,[196, 228, 275]
P15381,[153]
Q04440,[196]
Q9XEA1,[]
P12075,[196]
P19145,[18, 123, 206]
Q75NA5,[67]
O14764,[67]
P50573,[67]
Q9RR45,[]
Q6F754,[]
P25346,[309]
Q9ZAA6,[]
P16305,[67]
P30191,[67]
Q08832,[67]
Q941R4,[180, 226]
A2YGP9,[]
Q0D9S3,[]
P32467,[196]
Q6U607,[]
P16431,[]
P70227,[153]
Q8NCM2,[228]
P97414,[228]
P70057,[228]
Q7Z418,[228]
Q9NR82,[228]
Q9Z0N7,[228]
Q9S6Z8,[228]
P0A057,[228]
Q63016,[134]
O87952,[]
Q6ZSA7,[228]
V6F510,[]
V6F235,[]
Q3U481,[]
Q9DC37,[]
P41948,[305]
P0DPR9,[]
O15403,[]
P57787,[]
P9WJU7,[]
Q56724,[275]
P76264,[]
P00397,[196]
P77239,[]
P0ABI8,[196]
O07025,[196]
P23876,[]
P25123,[67]
Q9RR44,[]
Q06700,[]
P08220,[67]
P47870,[67]
P44795,[]
P06775,[]
Q46507,[]
Q21121,[153]
Q08BI9,[153]
Q54LT0,[153]
Q8IQ70,[153]
Q8CVI4,[56]
P23702,[]
P69212,[147]
P52477,[]
Q9B6E8,[]
O95563,[]
P53311,[]
Q3ZCG2,[]
P12234,[]
Q9ZNG6,[196]
A0R200,[196]
P72245,[196]
Q9T6H8,[]
Q9WZ31,[]
P63041,[]
P68530,[196]
Q9P7F9,[]
P08050,[210]
P12074,[196]
P13182,[196]
P56392,[196]
Q9UKL4,[]
P11951,[196]
Q8N144,[]
Q8BY89,[]
Q5T442,[]
Q8BQU6,[]
F4JIN3,[]
P23847,[]
P18506,[67]
P18507,[67]
P38125,[]
O61715,[]
Q9XYN0,[]
P11881,[153]
Q9V9N1,[]
P06756,[153]
Q9NZI2,[228]
O70451,[]
Q9NS40,[228]
P48051,[228]
P48544,[228]
Q9ES08,[228]
P70606,[228]
O88943,[228]
P97557,[228]
Q01650,[134]
O75387,[]
Q9M9E1,[]
Q9FLT5,[]
Q9LVM1,[]
Q3V132,[9, 75]
Q9N1R6,[103]
Q8VYR7,[49]
P0DMX2,[]
Q99246,[153]
Q5BEJ9,[]
Q769E5,[153, 196]
P31224,[]
Q8NQC8,[]
P45963,[]
P0AAW9,[]
P43548,[]
P38090,[]
Q9BYT9,[67]
Q5XXA6,[67, 174]
Q9QX15,[67]
P0CD90,[254]
Q8W4K3,[]
Q00975,[153]
A7GBG3,[]
P42061,[]
S0DPY2,[]
P05626,[196]
C0HK51,[196]
Q8DLP6,[196]
C0HK54,[196]
O05333,[196]
P00830,[196]
P50008,[196]
Q9MYT8,[196]
Q08280,[]
Q75XW3,[153, 196]
P07293,[153]
P19517,[153]
Q9JIS7,[153]
P26949,[]
Q9Y698,[153]
Q561R8,[]
Q86XJ0,[]
P0ABL8,[]
P29973,[]
Q8MJD7,[]
Q5M244,[204]
Q9WY65,[204]
P70972,[]
A2RI03,[]
Q035B4,[]
Q03ZL4,[]
Q03PY7,[]
Q5M245,[204]
Q9X2I1,[204]
O57321,[275]
Q10901,[275]
P0CW81,[]
P0CW83,[]
P43003,[275]
P56564,[275]
P24942,[275]
P43004,[275]
P43006,[275]
P31596,[275]
Q21353,[275]
P92939,[153]
O23087,[153]
P43005,[67, 119, 275]
Q9SY55,[58, 153]
P51906,[67, 119, 275]
P31597,[67, 275]
P51907,[67, 119, 275]
O35544,[275]
O35921,[275]
Q9LVD9,[]
Q9SFB0,[]
O49660,[]
K0E4D9,[]
P00588,[]
A2RI01,[]
Q5M243,[204]
Q9X1Z1,[204]
P47144,[]
F4KD71,[]
Q7XBS0,[]
P33413,[147]
A2RI02,[]
Q9QYB1,[67]
P92942,[67, 196, 263]
Q96S66,[67]
Q96282,[67]
P92943,[67]
P51788,[67]
P35524,[67]
Q58439,[]
O70496,[67]
P06030,[196]
Q96KJ9,[196]
Q91W29,[196]
Q7S5M7,[196]
P07255,[196]
P00414,[196]
P20610,[196]
P9WP93,[43]
Q5ZWR1,[280]
P18946,[196]
P09482,[308]
P49582,[308]
P04756,[308]
P40416,[]
P11230,[308]
Q9SZR1,[153]
Q7X8B5,[153]
Q9P5N0,[63]
O95477,[]
P41234,[]
Q9ESR9,[]
E9Q876,[]
Q2KBP7,[89]
D5ARG8,[89]
Q39134,[]
Q5SSE9,[]
Q2M3G0,[]
Q21973,[67]
Q9NP58,[63]
Q6QNY0,[]
Q9DC29,[63]
O75027,[253]
P96712,[]
O06967,[]
Q9NRK6,[]
Q9NP78,[130]
Q9QY30,[295]
Q09428,[228]
O60706,[228]
Q18812,[67]
P33897,[239]
Q9UBJ2,[]
O14678,[43]
G0LFX8,[]
Q5V0R5,[]
Q5V5V3,[]
Q99PE8,[]
P81549,[]
Q794F9,[134]
P32839,[]
Q9ZR72,[]
Q94FB9,[239]
Q9CAF5,[]
Q9LK62,[]
P24181,[]
Q9M0G9,[]
Q84TH5,[]
Q8RY46,[]
Q7DM58,[]
Q15758,[52]
P51912,[]
P26218,[]
P0DMX4,[]
P23348,[]
P53838,[49]
P31440,[112]
Q53S99,[]
Q5R231,[]
Q86FQ0,[]
P64550,[196]
P9WEU4,[]
J9VPA2,[]
P03086,[]
Q8R0S4,[153]
O49447,[9, 75]
P25376,[18, 123]
P24180,[]
P18238,[9, 75]
P55064,[254]
Q9WTY4,[254]
Q8CFW1,[67]
Q8CFG5,[153]
Q6TEQ7,[153]
Q9KK91,[]
P11667,[]
O00189,[]
P13569,[67]
P54144,[305]
Q9ZPJ8,[305]
Q9SQH9,[305]
Q9SF09,[]
Q37050,[196]
P54537,[]
P16671,[48]
P05025,[228, 275]
P04074,[228, 275]
Q9WV27,[228, 275]
P14094,[228, 275]
P83483,[196]
P83484,[196]
Q9C5A9,[196]
P50001,[196]
Q6CFH9,[196]
P37811,[196]
A0R1Z9,[196]
P09457,[196]
A0R202,[196]
P37812,[196]
O05330,[196]
A1B8N8,[196]
Q05373,[196]
Q2RFX9,[196]
Q95QW4,[304]
P0AAF6,[]
D9IA43,[196]
Q55460,[]
Q55107,[263]
Q55108,[263]
Q9NRU3,[]
Q0GA42,[]
Q9H8M5,[]
Q3TWN3,[]
Q8NE01,[]
Q32NY4,[]
Q6P4Q7,[275]
Q69ZF7,[275]
P0C588,[275]
Q93VD3,[228]
P17315,[]
G7IBJ4,[153, 228]
G7JND3,[153, 228]
A0A072VMJ3,[228]
Q9HGQ3,[304]
A0A1U8QTJ9,[]
P35522,[67]
P21564,[67]
O14493,[67]
O35054,[67]
Q6Q473,[67]
Q9GYF0,[]
O22920,[196, 228]
Q9SUQ7,[196]
Q8VYD4,[196]
P94363,[171, 196]
P54281,[67]
Q2TU62,[67]
A8K7I4,[67]
Q9D7Z6,[67]
Q9UQC9,[67]
Q9Y6N3,[67, 153]
Q14CN2,[67]
P92941,[67, 196, 263]
P37019,[67, 196]
Q9BMK9,[67]
Q18593,[153]
Q8ZRP8,[67, 196]
O00299,[67]
Q9Z1Q5,[67]
Q3Z5K2,[67]
Q6MG61,[67]
O15247,[67]
O95833,[67]
P21554,[153]
Q9D7P7,[67]
Q9Y696,[67]
P47746,[153]
Q9NZA1,[67]
Q8BXK9,[67]
P17614,[196]
P0A307,[196]
P81663,[196]
P80083,[196]
P85088,[196]
Q96251,[196]
P9WPV1,[196]
Q64430,[34, 280]
P19366,[196]
P80286,[196]
Q12233,[196]
P50005,[196]
P29709,[196]
P0ABA4,[196]
Q2RFX3,[196]
A0R201,[196]
C0HK53,[196]
C0HK59,[196]
O78750,[196]
Q9N623,[]
P82543,[196]
P00158,[196]
P05038,[196]
P05632,[196]
P0AAG0,[]
Q9KI10,[196, 275]
Q9H936,[196]
Q9D6M3,[]
Q9H1K4,[196]
Q9DB41,[]
Q9SX28,[153]
P38301,[153]
O69279,[]
P69937,[196]
Q84L08,[180]
P37020,[67, 196]
Q46839,[196]
P38988,[]
O07563,[]
A0A0H2VG78,[]
Q97UY8,[6]
Q7NDN8,[228, 275]
Q9P3U6,[196]
O74969,[196]
P78831,[196]
O74849,[196]
Q9P3U7,[196]
P0AF52,[]
Q46817,[]
P21906,[]
P22094,[]
Q9HXC4,[]
P28472,[67]
P63080,[67]
P63079,[67]
Q9Y048,[]
P18508,[67]
Q9C994,[]
Q8X9D3,[196, 214]
F4JTB3,[]
P26152,[308]
Q9PTS8,[153, 308]
P40074,[52, 142]
P13587,[153, 228, 275]
Q01896,[153, 228, 275]
Q12691,[153, 275]
Q12067,[304]
P13607,[228, 275]
P32907,[305]
Q12359,[305]
Q59998,[35, 304]
P02714,[308]
O22218,[153]
O76090,[67]
Q9LF79,[153]
Q8K442,[]
Q8K440,[]
Q4X006,[]
Q9BZC7,[]
Q8R420,[]
F1MWM0,[]
Q8WZ55,[67]
Q8K448,[]
Q8IUA7,[]
Q42400,[52, 123]
H2LNR5,[253]
B8K1W2,[295]
O70127,[295]
P28288,[]
Q9HQ18,[43]
Q48315,[]
B0R2U4,[]
Q9H221,[]
Q9SWS1,[]
Q9GZZ6,[153, 308]
P10852,[134]
Q42093,[310]
O81016,[]
Q9C8K2,[]
Q9LFH0,[]
Q9LZJ5,[]
Q9LK64,[140]
P30145,[118, 275]
Q9QXA6,[103]
Q07812,[]
Q07813,[]
Q08269,[]
P58691,[]
Q5I4B8,[]
P07845,[]
Q9U6X1,[]
P17516,[]
Q24270,[153]
P27732,[153]
P54287,[153]
O00305,[153]
Q9NY47,[153]
G5CTG1,[]
O94778,[254]
Q75V66,[67]
Q7Z3S7,[153]
P56403,[136, 138, 254]
Q60366,[305]
P63665,[196]
Q4WWW3,[]
Q0ZS24,[196]
P19156,[196, 228]
P29419,[196]
Q8VHW8,[153]
O94886,[]
P00406,[196]
P16221,[196]
Q9FWR4,[]
A0Q1J7,[]
Q035X6,[]
Q03ZT0,[]
Q9FMF7,[]
Q4WFQ4,[]
O81108,[153]
P04757,[308]
P30532,[308]
P81662,[]
P61915,[]
Q8GXE6,[228]
Q09073,[9, 75, 196]
B0R9X2,[]
A2AHL1,[67]
Q9Z1L5,[153]
O28846,[]
P54282,[153]
Q9HCJ1,[]
P26458,[]
P17153,[153]
O76027,[153]
P59632,[]
P0DTC3,[]
P69681,[305]
D3K0R6,[153]
P23634,[153]
P13586,[58, 153]
P54535,[]
P15993,[18, 142]
Q7T1N4,[275]
Q1XA76,[275]
Q925H0,[275]
O35240,[135, 275]
D2WKD8,[228, 275]
Q64541,[228, 275]
Q13733,[228, 275]
A0A2U8U2K9,[]
P39660,[]
P38482,[196]
P08082,[]
P00854,[196]
P0A2Z3,[196]
Q7CRB1,[196]
C0HK57,[196]
Q2TXA7,[]
Q8KRV2,[196]
Q4WDD4,[]
Q55CS9,[196]
Q2RFX7,[196]
P9WPV3,[196]
P50009,[196]
P9WPU5,[196]
A0A1L1QK34,[196]
P56480,[196]
P35435,[196]
Q5UXM9,[]
B5D5N9,[]
Q9USV7,[]
P04839,[]
Q61093,[]
Q9US09,[]
Q91ZR5,[153]
Q93034,[153]
P23562,[67]
O08532,[153]
Q9HA72,[]
P13073,[196]
P13183,[196]
P10606,[196]
P20609,[196]
Q5SJ80,[196]
P98052,[196]
Q03438,[196]
Q8ZR95,[34, 280]
P16676,[92, 302]
P38865,[]
Q8WY07,[]
P23242,[210]
P28231,[]
Q9NTQ9,[]
Q02738,[]
O95377,[]
Q8VII6,[]
Q9I9B9,[]
Q9CX92,[]
P28229,[]
Q05202,[]
Q9N1F2,[]
Q9Y5Y0,[]
Q9UPI3,[]
Q91X85,[]
P0AFR2,[92]
P57757,[103, 196]
Q04895,[196, 306]
P15365,[120]
Q61290,[153]
O88427,[153, 275]
A0MFS9,[67]
Q05595,[]
P00426,[196]
P05425,[280]
Q5M848,[153]
Q35128,[196]
P00157,[196]
C8V329,[]
Q9LXV3,[]
Q41364,[]
P77304,[196, 214]
P22723,[67]
P08194,[132, 146, 258]
Q7XP59,[]
Q4WUS1,[]
P48181,[308]
P09688,[]
P12390,[308]
P0ABB8,[300]
P36640,[300]
Q04844,[308]
Q5UXY6,[]
Q4WDV4,[]
P69052,[]
Q64343,[99]
Q99P81,[128, 204]
P04920,[]
Q9GKY1,[]
P82252,[103]
P31466,[112, 196]
P75712,[]
P38971,[]
D3FSJ3,[196]
O31762,[]
C5NSL2,[]
P0DMX3,[]
P9WEU3,[]
P54286,[153]
A6TP80,[]
Q93149,[308]
G2QNH0,[9, 75]
O04619,[]
P32007,[9, 75]
P25613,[305]
Q9R100,[]
P0AAE5,[]
G5CTG7,[]
Q8NBQ7,[136, 254]
Q96PS8,[136, 254]
P34080,[254]
P60844,[254]
P08133,[153]
Q07429,[305]
Q3YL97,[]
Q47377,[]
P22700,[153]
Q9X5X3,[34]
Q9X5V3,[34]
O75746,[]
Q8BH59,[]
Q708S7,[275]
Q00195,[228]
Q9R0W5,[196, 275]
P05026,[228, 275]
P07340,[228, 275]
Q9EPT8,[67]
Q9SSS9,[196]
Q0SYU2,[196]
Q04656,[34, 280]
P51795,[67, 196]
Q0ZS23,[196]
Q64446,[34, 280]
P51797,[67]
P48047,[196]
P00833,[196]
P05022,[196]
P37809,[196]
O78751,[196]
Q5KUJ3,[196]
Q9XXK1,[196]
P99109,[196]
Q6C877,[196]
P56385,[196]
D3ZNF5,[]
Q8WXA8,[308]
O95264,[308]
P46098,[308]
A2RNI5,[]
A2RNI1,[]
P9WIU5,[]
P29972,[126, 194, 228, 254, 305]
Q8BH79,[67]
Q06647,[196]
Q50327,[196]
A1B8N7,[196]
P07678,[196]
P05631,[196]
Q03265,[196]
A1B8N9,[196]
P05036,[196]
P49375,[196]
P00395,[196]
P9WP95,[43]
P05418,[196]
Q79VE0,[]
Q93AK1,[]
Q1K8U2,[196]
P27303,[]
P0AEJ0,[]
P31442,[]
P23895,[]
P9WPU1,[34, 280]
P9WPT5,[34, 58]
A0R3Y2,[153]
P39595,[229]
Q8XAS8,[]
Q8FJ36,[]
A0A4P8GFD0,[]
A0A4P8GG95,[]
Q9D0M3,[196]
J9VX37,[]
Q06686,[]
O94722,[]
O95452,[]
P43023,[196]
P14854,[196]
P24310,[196]
Q6X893,[]
Q921C1,[]
Q53GD3,[172]
Q91VA1,[172]
Q8VXY7,[]
P53121,[274]
Q9HU16,[]
P0AEF8,[]
P31125,[]
P75742,[196, 214]
Q9UN88,[67]
P09481,[308]
P09483,[308]
Q9Z6M8,[]
Q9SGY1,[]
Q8RXN0,[]
Q9LJX0,[]
Q8GZ52,[]
Q7PC88,[]
Q9XIE2,[]
Q8LPT1,[]
Q9M3B9,[]
Q9FUT3,[]
O80725,[]
Q0WML0,[]
Q9LZB8,[]
Q8K4V2,[14, 275]
D3FSJ2,[]
Q9CA93,[]
Q73E41,[153]
Q38998,[228]
Q945S5,[153, 196]
Q9MZL7,[153]
P0AE06,[]
P12235,[9, 75, 112, 196]
Q9NW15,[67]
Q9NQ90,[67]
Q9HCE9,[67]
Q6IWH7,[67]
Q9WTY0,[254, 263]
Q9M6N7,[305]
Q2EN81,[196]
A1B8P1,[196]
Q8RGD7,[196]
Q8KRV3,[196]
P92549,[196]
P54289,[153]
P50077,[153]
P26829,[]
Q5T5A4,[]
P16573,[]
Q9LEQ3,[153]
Q03041,[]
Q28181,[]
Q8W488,[]
P0A6J3,[92, 196]
P53918,[]
Q94KE0,[]
